experiment_code,sample_code,technique,property_name,value,unit,calculation_method,formula
P7-SYNTH-001,P7-SYNTH-001-S01,XRD,Crystallite Size,24.5,nm,Scherrer Equation,D = (K * lambda) / (beta * cos(theta))
P7-SYNTH-001,P7-SYNTH-001-S01,UV_VIS,Optical Band Gap,1.466,eV,Tauc Plot Linear Extrapolation,(alpha * h * nu)^(1/n) vs h * nu
P7-SYNTH-001,P7-SYNTH-001-S01,ELECTRICAL,Electrical Resistance,12017.17,Ohm,Ohm's Law Linear Regression,V = I * R
P7-SYNTH-001,P7-SYNTH-001-S01,ELECTRICAL,Electrical Resistivity,1.1416,Ohm*cm,Geometric Resistance Formula,rho = R * A / L
P7-SYNTH-001,P7-SYNTH-001-S01,ELECTRICAL,Electrical Conductivity,0.87594,S/cm,Reciprocal Resistivity,sigma = 1 / rho
P7-SYNTH-002,P7-SYNTH-002-S01,XRD,Crystallite Size,12.62,nm,Scherrer Equation,D = (K * lambda) / (beta * cos(theta))
P7-SYNTH-002,P7-SYNTH-002-S01,UV_VIS,Optical Band Gap,1.629,eV,Tauc Plot Linear Extrapolation,(alpha * h * nu)^(1/n) vs h * nu
P7-SYNTH-002,P7-SYNTH-002-S01,ELECTRICAL,Electrical Resistance,2811996.08,Ohm,Ohm's Law Linear Regression,V = I * R
P7-SYNTH-002,P7-SYNTH-002-S01,ELECTRICAL,Electrical Resistivity,32.7104,Ohm*cm,Geometric Resistance Formula,rho = R * A / L
P7-SYNTH-002,P7-SYNTH-002-S01,ELECTRICAL,Electrical Conductivity,0.03057,S/cm,Reciprocal Resistivity,sigma = 1 / rho
P7-SYNTH-003,P7-SYNTH-003-S01,XRD,Crystallite Size,20.3,nm,Scherrer Equation,D = (K * lambda) / (beta * cos(theta))
P7-SYNTH-003,P7-SYNTH-003-S01,UV_VIS,Optical Band Gap,1.48,eV,Tauc Plot Linear Extrapolation,(alpha * h * nu)^(1/n) vs h * nu
P7-SYNTH-003,P7-SYNTH-003-S01,ELECTRICAL,Electrical Resistance,12115.24,Ohm,Ohm's Law Linear Regression,V = I * R
P7-SYNTH-003,P7-SYNTH-003-S01,ELECTRICAL,Electrical Resistivity,1.1076,Ohm*cm,Geometric Resistance Formula,rho = R * A / L
P7-SYNTH-003,P7-SYNTH-003-S01,ELECTRICAL,Electrical Conductivity,0.90281,S/cm,Reciprocal Resistivity,sigma = 1 / rho
P7-SYNTH-004,P7-SYNTH-004-S01,XRD,Crystallite Size,22.31,nm,Scherrer Equation,D = (K * lambda) / (beta * cos(theta))
P7-SYNTH-004,P7-SYNTH-004-S01,UV_VIS,Optical Band Gap,1.462,eV,Tauc Plot Linear Extrapolation,(alpha * h * nu)^(1/n) vs h * nu
P7-SYNTH-004,P7-SYNTH-004-S01,ELECTRICAL,Electrical Resistance,95085.22,Ohm,Ohm's Law Linear Regression,V = I * R
P7-SYNTH-004,P7-SYNTH-004-S01,ELECTRICAL,Electrical Resistivity,1.9011,Ohm*cm,Geometric Resistance Formula,rho = R * A / L
P7-SYNTH-004,P7-SYNTH-004-S01,ELECTRICAL,Electrical Conductivity,0.52601,S/cm,Reciprocal Resistivity,sigma = 1 / rho
P7-SYNTH-005,P7-SYNTH-005-S01,XRD,Crystallite Size,12.46,nm,Scherrer Equation,D = (K * lambda) / (beta * cos(theta))
P7-SYNTH-005,P7-SYNTH-005-S01,UV_VIS,Optical Band Gap,1.634,eV,Tauc Plot Linear Extrapolation,(alpha * h * nu)^(1/n) vs h * nu
P7-SYNTH-005,P7-SYNTH-005-S01,ELECTRICAL,Electrical Resistance,1710959.71,Ohm,Ohm's Law Linear Regression,V = I * R
P7-SYNTH-005,P7-SYNTH-005-S01,ELECTRICAL,Electrical Resistivity,18.3364,Ohm*cm,Geometric Resistance Formula,rho = R * A / L
P7-SYNTH-005,P7-SYNTH-005-S01,ELECTRICAL,Electrical Conductivity,0.05454,S/cm,Reciprocal Resistivity,sigma = 1 / rho
P7-SYNTH-006,P7-SYNTH-006-S01,ELECTRICAL,Electrical Resistance,273097.15,Ohm,Ohm's Law Linear Regression,V = I * R
P7-SYNTH-006,P7-SYNTH-006-S01,ELECTRICAL,Electrical Resistivity,9.4023,Ohm*cm,Geometric Resistance Formula,rho = R * A / L
P7-SYNTH-006,P7-SYNTH-006-S01,ELECTRICAL,Electrical Conductivity,0.10636,S/cm,Reciprocal Resistivity,sigma = 1 / rho
P7-SYNTH-007,P7-SYNTH-007-S01,XRD,Crystallite Size,23.5,nm,Scherrer Equation,D = (K * lambda) / (beta * cos(theta))
P7-SYNTH-007,P7-SYNTH-007-S01,ELECTRICAL,Electrical Resistance,13799.93,Ohm,Ohm's Law Linear Regression,V = I * R
P7-SYNTH-007,P7-SYNTH-007-S01,ELECTRICAL,Electrical Resistivity,1.311,Ohm*cm,Geometric Resistance Formula,rho = R * A / L
P7-SYNTH-007,P7-SYNTH-007-S01,ELECTRICAL,Electrical Conductivity,0.76278,S/cm,Reciprocal Resistivity,sigma = 1 / rho
P7-SYNTH-008,P7-SYNTH-008-S01,XRD,Crystallite Size,19.97,nm,Scherrer Equation,D = (K * lambda) / (beta * cos(theta))
P7-SYNTH-008,P7-SYNTH-008-S01,UV_VIS,Optical Band Gap,1.49,eV,Tauc Plot Linear Extrapolation,(alpha * h * nu)^(1/n) vs h * nu
P7-SYNTH-008,P7-SYNTH-008-S01,ELECTRICAL,Electrical Resistance,58387.38,Ohm,Ohm's Law Linear Regression,V = I * R
P7-SYNTH-008,P7-SYNTH-008-S01,ELECTRICAL,Electrical Resistivity,1.3215,Ohm*cm,Geometric Resistance Formula,rho = R * A / L
P7-SYNTH-008,P7-SYNTH-008-S01,ELECTRICAL,Electrical Conductivity,0.7567,S/cm,Reciprocal Resistivity,sigma = 1 / rho
P7-SYNTH-009,P7-SYNTH-009-S01,XRD,Crystallite Size,22.4,nm,Scherrer Equation,D = (K * lambda) / (beta * cos(theta))
P7-SYNTH-009,P7-SYNTH-009-S01,UV_VIS,Optical Band Gap,1.452,eV,Tauc Plot Linear Extrapolation,(alpha * h * nu)^(1/n) vs h * nu
P7-SYNTH-009,P7-SYNTH-009-S01,ELECTRICAL,Electrical Resistance,491974.47,Ohm,Ohm's Law Linear Regression,V = I * R
P7-SYNTH-009,P7-SYNTH-009-S01,ELECTRICAL,Electrical Resistivity,5.459,Ohm*cm,Geometric Resistance Formula,rho = R * A / L
P7-SYNTH-009,P7-SYNTH-009-S01,ELECTRICAL,Electrical Conductivity,0.18319,S/cm,Reciprocal Resistivity,sigma = 1 / rho
P7-SYNTH-010,P7-SYNTH-010-S01,XRD,Crystallite Size,24.0,nm,Scherrer Equation,D = (K * lambda) / (beta * cos(theta))
P7-SYNTH-010,P7-SYNTH-010-S01,UV_VIS,Optical Band Gap,1.422,eV,Tauc Plot Linear Extrapolation,(alpha * h * nu)^(1/n) vs h * nu
P7-SYNTH-010,P7-SYNTH-010-S01,ELECTRICAL,Electrical Resistance,61588.1,Ohm,Ohm's Law Linear Regression,V = I * R
P7-SYNTH-010,P7-SYNTH-010-S01,ELECTRICAL,Electrical Resistivity,1.7099,Ohm*cm,Geometric Resistance Formula,rho = R * A / L
P7-SYNTH-010,P7-SYNTH-010-S01,ELECTRICAL,Electrical Conductivity,0.58484,S/cm,Reciprocal Resistivity,sigma = 1 / rho
P7-SYNTH-011,P7-SYNTH-011-S01,XRD,Crystallite Size,21.98,nm,Scherrer Equation,D = (K * lambda) / (beta * cos(theta))
P7-SYNTH-011,P7-SYNTH-011-S01,UV_VIS,Optical Band Gap,1.458,eV,Tauc Plot Linear Extrapolation,(alpha * h * nu)^(1/n) vs h * nu
P7-SYNTH-011,P7-SYNTH-011-S01,ELECTRICAL,Electrical Resistance,561006.0,Ohm,Ohm's Law Linear Regression,V = I * R
P7-SYNTH-011,P7-SYNTH-011-S01,ELECTRICAL,Electrical Resistivity,6.714,Ohm*cm,Geometric Resistance Formula,rho = R * A / L
P7-SYNTH-011,P7-SYNTH-011-S01,ELECTRICAL,Electrical Conductivity,0.14894,S/cm,Reciprocal Resistivity,sigma = 1 / rho
P7-SYNTH-012,P7-SYNTH-012-S01,XRD,Crystallite Size,13.55,nm,Scherrer Equation,D = (K * lambda) / (beta * cos(theta))
P7-SYNTH-012,P7-SYNTH-012-S01,UV_VIS,Optical Band Gap,1.602,eV,Tauc Plot Linear Extrapolation,(alpha * h * nu)^(1/n) vs h * nu
P7-SYNTH-012,P7-SYNTH-012-S01,ELECTRICAL,Electrical Resistance,67782.17,Ohm,Ohm's Law Linear Regression,V = I * R
P7-SYNTH-012,P7-SYNTH-012-S01,ELECTRICAL,Electrical Resistivity,4.5295,Ohm*cm,Geometric Resistance Formula,rho = R * A / L
P7-SYNTH-012,P7-SYNTH-012-S01,ELECTRICAL,Electrical Conductivity,0.22078,S/cm,Reciprocal Resistivity,sigma = 1 / rho
P7-SYNTH-013,P7-SYNTH-013-S01,XRD,Crystallite Size,24.15,nm,Scherrer Equation,D = (K * lambda) / (beta * cos(theta))
P7-SYNTH-013,P7-SYNTH-013-S01,UV_VIS,Optical Band Gap,1.407,eV,Tauc Plot Linear Extrapolation,(alpha * h * nu)^(1/n) vs h * nu
P7-SYNTH-013,P7-SYNTH-013-S01,ELECTRICAL,Electrical Resistance,26952.37,Ohm,Ohm's Law Linear Regression,V = I * R
P7-SYNTH-013,P7-SYNTH-013-S01,ELECTRICAL,Electrical Resistivity,1.5638,Ohm*cm,Geometric Resistance Formula,rho = R * A / L
P7-SYNTH-013,P7-SYNTH-013-S01,ELECTRICAL,Electrical Conductivity,0.63948,S/cm,Reciprocal Resistivity,sigma = 1 / rho
P7-SYNTH-014,P7-SYNTH-014-S01,XRD,Crystallite Size,12.61,nm,Scherrer Equation,D = (K * lambda) / (beta * cos(theta))
P7-SYNTH-014,P7-SYNTH-014-S01,UV_VIS,Optical Band Gap,1.652,eV,Tauc Plot Linear Extrapolation,(alpha * h * nu)^(1/n) vs h * nu
P7-SYNTH-014,P7-SYNTH-014-S01,ELECTRICAL,Electrical Resistance,210806.21,Ohm,Ohm's Law Linear Regression,V = I * R
P7-SYNTH-014,P7-SYNTH-014-S01,ELECTRICAL,Electrical Resistivity,13.8792,Ohm*cm,Geometric Resistance Formula,rho = R * A / L
P7-SYNTH-014,P7-SYNTH-014-S01,ELECTRICAL,Electrical Conductivity,0.07205,S/cm,Reciprocal Resistivity,sigma = 1 / rho
P7-SYNTH-015,P7-SYNTH-015-S01,XRD,Crystallite Size,26.56,nm,Scherrer Equation,D = (K * lambda) / (beta * cos(theta))
P7-SYNTH-015,P7-SYNTH-015-S01,UV_VIS,Optical Band Gap,1.42,eV,Tauc Plot Linear Extrapolation,(alpha * h * nu)^(1/n) vs h * nu
P7-SYNTH-015,P7-SYNTH-015-S01,ELECTRICAL,Electrical Resistance,69449.35,Ohm,Ohm's Law Linear Regression,V = I * R
P7-SYNTH-015,P7-SYNTH-015-S01,ELECTRICAL,Electrical Resistivity,1.9402,Ohm*cm,Geometric Resistance Formula,rho = R * A / L
P7-SYNTH-015,P7-SYNTH-015-S01,ELECTRICAL,Electrical Conductivity,0.51542,S/cm,Reciprocal Resistivity,sigma = 1 / rho
P7-SYNTH-016,P7-SYNTH-016-S01,XRD,Crystallite Size,13.18,nm,Scherrer Equation,D = (K * lambda) / (beta * cos(theta))
P7-SYNTH-016,P7-SYNTH-016-S01,UV_VIS,Optical Band Gap,1.599,eV,Tauc Plot Linear Extrapolation,(alpha * h * nu)^(1/n) vs h * nu
P7-SYNTH-016,P7-SYNTH-016-S01,ELECTRICAL,Electrical Resistance,3065104.65,Ohm,Ohm's Law Linear Regression,V = I * R
P7-SYNTH-016,P7-SYNTH-016-S01,ELECTRICAL,Electrical Resistivity,30.5439,Ohm*cm,Geometric Resistance Formula,rho = R * A / L
P7-SYNTH-016,P7-SYNTH-016-S01,ELECTRICAL,Electrical Conductivity,0.03274,S/cm,Reciprocal Resistivity,sigma = 1 / rho
P7-SYNTH-017,P7-SYNTH-017-S01,XRD,Crystallite Size,11.24,nm,Scherrer Equation,D = (K * lambda) / (beta * cos(theta))
P7-SYNTH-017,P7-SYNTH-017-S01,ELECTRICAL,Electrical Resistance,1233646.04,Ohm,Ohm's Law Linear Regression,V = I * R
P7-SYNTH-017,P7-SYNTH-017-S01,ELECTRICAL,Electrical Resistivity,21.603,Ohm*cm,Geometric Resistance Formula,rho = R * A / L
P7-SYNTH-017,P7-SYNTH-017-S01,ELECTRICAL,Electrical Conductivity,0.04629,S/cm,Reciprocal Resistivity,sigma = 1 / rho
P7-SYNTH-018,P7-SYNTH-018-S01,XRD,Crystallite Size,25.23,nm,Scherrer Equation,D = (K * lambda) / (beta * cos(theta))
P7-SYNTH-018,P7-SYNTH-018-S01,UV_VIS,Optical Band Gap,1.421,eV,Tauc Plot Linear Extrapolation,(alpha * h * nu)^(1/n) vs h * nu
P7-SYNTH-018,P7-SYNTH-018-S01,ELECTRICAL,Electrical Resistance,579820.42,Ohm,Ohm's Law Linear Regression,V = I * R
P7-SYNTH-018,P7-SYNTH-018-S01,ELECTRICAL,Electrical Resistivity,7.0502,Ohm*cm,Geometric Resistance Formula,rho = R * A / L
P7-SYNTH-018,P7-SYNTH-018-S01,ELECTRICAL,Electrical Conductivity,0.14184,S/cm,Reciprocal Resistivity,sigma = 1 / rho
P7-SYNTH-019,P7-SYNTH-019-S01,XRD,Crystallite Size,13.99,nm,Scherrer Equation,D = (K * lambda) / (beta * cos(theta))
P7-SYNTH-019,P7-SYNTH-019-S01,ELECTRICAL,Electrical Resistance,3433394.16,Ohm,Ohm's Law Linear Regression,V = I * R
P7-SYNTH-019,P7-SYNTH-019-S01,ELECTRICAL,Electrical Resistivity,24.0338,Ohm*cm,Geometric Resistance Formula,rho = R * A / L
P7-SYNTH-019,P7-SYNTH-019-S01,ELECTRICAL,Electrical Conductivity,0.04161,S/cm,Reciprocal Resistivity,sigma = 1 / rho
P7-SYNTH-020,P7-SYNTH-020-S01,XRD,Crystallite Size,19.11,nm,Scherrer Equation,D = (K * lambda) / (beta * cos(theta))
P7-SYNTH-020,P7-SYNTH-020-S01,UV_VIS,Optical Band Gap,1.432,eV,Tauc Plot Linear Extrapolation,(alpha * h * nu)^(1/n) vs h * nu
P7-SYNTH-020,P7-SYNTH-020-S01,ELECTRICAL,Electrical Resistance,129851.09,Ohm,Ohm's Law Linear Regression,V = I * R
P7-SYNTH-020,P7-SYNTH-020-S01,ELECTRICAL,Electrical Resistivity,2.3037,Ohm*cm,Geometric Resistance Formula,rho = R * A / L
P7-SYNTH-020,P7-SYNTH-020-S01,ELECTRICAL,Electrical Conductivity,0.43408,S/cm,Reciprocal Resistivity,sigma = 1 / rho
P7-SYNTH-021,P7-SYNTH-021-S01,XRD,Crystallite Size,18.94,nm,Scherrer Equation,D = (K * lambda) / (beta * cos(theta))
P7-SYNTH-021,P7-SYNTH-021-S01,ELECTRICAL,Electrical Resistance,515483.84,Ohm,Ohm's Law Linear Regression,V = I * R
P7-SYNTH-021,P7-SYNTH-021-S01,ELECTRICAL,Electrical Resistivity,5.7153,Ohm*cm,Geometric Resistance Formula,rho = R * A / L
P7-SYNTH-021,P7-SYNTH-021-S01,ELECTRICAL,Electrical Conductivity,0.17497,S/cm,Reciprocal Resistivity,sigma = 1 / rho
P7-SYNTH-022,P7-SYNTH-022-S01,XRD,Crystallite Size,28.4,nm,Scherrer Equation,D = (K * lambda) / (beta * cos(theta))
P7-SYNTH-022,P7-SYNTH-022-S01,ELECTRICAL,Electrical Resistance,25522.41,Ohm,Ohm's Law Linear Regression,V = I * R
P7-SYNTH-022,P7-SYNTH-022-S01,ELECTRICAL,Electrical Resistivity,2.4246,Ohm*cm,Geometric Resistance Formula,rho = R * A / L
P7-SYNTH-022,P7-SYNTH-022-S01,ELECTRICAL,Electrical Conductivity,0.41243,S/cm,Reciprocal Resistivity,sigma = 1 / rho
P7-SYNTH-023,P7-SYNTH-023-S01,XRD,Crystallite Size,13.38,nm,Scherrer Equation,D = (K * lambda) / (beta * cos(theta))
P7-SYNTH-023,P7-SYNTH-023-S01,UV_VIS,Optical Band Gap,1.601,eV,Tauc Plot Linear Extrapolation,(alpha * h * nu)^(1/n) vs h * nu
P7-SYNTH-023,P7-SYNTH-023-S01,ELECTRICAL,Electrical Resistance,1319395.15,Ohm,Ohm's Law Linear Regression,V = I * R
P7-SYNTH-023,P7-SYNTH-023-S01,ELECTRICAL,Electrical Resistivity,19.4108,Ohm*cm,Geometric Resistance Formula,rho = R * A / L
P7-SYNTH-023,P7-SYNTH-023-S01,ELECTRICAL,Electrical Conductivity,0.05152,S/cm,Reciprocal Resistivity,sigma = 1 / rho
P7-SYNTH-024,P7-SYNTH-024-S01,XRD,Crystallite Size,12.05,nm,Scherrer Equation,D = (K * lambda) / (beta * cos(theta))
P7-SYNTH-024,P7-SYNTH-024-S01,UV_VIS,Optical Band Gap,1.632,eV,Tauc Plot Linear Extrapolation,(alpha * h * nu)^(1/n) vs h * nu
P7-SYNTH-024,P7-SYNTH-024-S01,ELECTRICAL,Electrical Resistance,305612.93,Ohm,Ohm's Law Linear Regression,V = I * R
P7-SYNTH-024,P7-SYNTH-024-S01,ELECTRICAL,Electrical Resistivity,9.5044,Ohm*cm,Geometric Resistance Formula,rho = R * A / L
P7-SYNTH-024,P7-SYNTH-024-S01,ELECTRICAL,Electrical Conductivity,0.10521,S/cm,Reciprocal Resistivity,sigma = 1 / rho
P7-SYNTH-025,P7-SYNTH-025-S01,XRD,Crystallite Size,24.39,nm,Scherrer Equation,D = (K * lambda) / (beta * cos(theta))
P7-SYNTH-025,P7-SYNTH-025-S01,UV_VIS,Optical Band Gap,1.458,eV,Tauc Plot Linear Extrapolation,(alpha * h * nu)^(1/n) vs h * nu
P7-SYNTH-025,P7-SYNTH-025-S01,ELECTRICAL,Electrical Resistance,94650.88,Ohm,Ohm's Law Linear Regression,V = I * R
P7-SYNTH-025,P7-SYNTH-025-S01,ELECTRICAL,Electrical Resistivity,1.8071,Ohm*cm,Geometric Resistance Formula,rho = R * A / L
P7-SYNTH-025,P7-SYNTH-025-S01,ELECTRICAL,Electrical Conductivity,0.55338,S/cm,Reciprocal Resistivity,sigma = 1 / rho
P7-SYNTH-026,P7-SYNTH-026-S01,XRD,Crystallite Size,24.21,nm,Scherrer Equation,D = (K * lambda) / (beta * cos(theta))
P7-SYNTH-026,P7-SYNTH-026-S01,UV_VIS,Optical Band Gap,1.461,eV,Tauc Plot Linear Extrapolation,(alpha * h * nu)^(1/n) vs h * nu
P7-SYNTH-026,P7-SYNTH-026-S01,ELECTRICAL,Electrical Resistance,46467.64,Ohm,Ohm's Law Linear Regression,V = I * R
P7-SYNTH-026,P7-SYNTH-026-S01,ELECTRICAL,Electrical Resistivity,1.8982,Ohm*cm,Geometric Resistance Formula,rho = R * A / L
P7-SYNTH-026,P7-SYNTH-026-S01,ELECTRICAL,Electrical Conductivity,0.52681,S/cm,Reciprocal Resistivity,sigma = 1 / rho
P7-SYNTH-027,P7-SYNTH-027-S01,XRD,Crystallite Size,28.44,nm,Scherrer Equation,D = (K * lambda) / (beta * cos(theta))
P7-SYNTH-027,P7-SYNTH-027-S01,ELECTRICAL,Electrical Resistance,44135.98,Ohm,Ohm's Law Linear Regression,V = I * R
P7-SYNTH-027,P7-SYNTH-027-S01,ELECTRICAL,Electrical Resistivity,1.5469,Ohm*cm,Geometric Resistance Formula,rho = R * A / L
P7-SYNTH-027,P7-SYNTH-027-S01,ELECTRICAL,Electrical Conductivity,0.64645,S/cm,Reciprocal Resistivity,sigma = 1 / rho
P7-SYNTH-028,P7-SYNTH-028-S01,XRD,Crystallite Size,10.5,nm,Scherrer Equation,D = (K * lambda) / (beta * cos(theta))
P7-SYNTH-028,P7-SYNTH-028-S01,ELECTRICAL,Electrical Resistance,1188347.61,Ohm,Ohm's Law Linear Regression,V = I * R
P7-SYNTH-028,P7-SYNTH-028-S01,ELECTRICAL,Electrical Resistivity,17.4729,Ohm*cm,Geometric Resistance Formula,rho = R * A / L
P7-SYNTH-028,P7-SYNTH-028-S01,ELECTRICAL,Electrical Conductivity,0.05723,S/cm,Reciprocal Resistivity,sigma = 1 / rho
P7-SYNTH-029,P7-SYNTH-029-S01,XRD,Crystallite Size,25.54,nm,Scherrer Equation,D = (K * lambda) / (beta * cos(theta))
P7-SYNTH-029,P7-SYNTH-029-S01,UV_VIS,Optical Band Gap,1.418,eV,Tauc Plot Linear Extrapolation,(alpha * h * nu)^(1/n) vs h * nu
P7-SYNTH-029,P7-SYNTH-029-S01,ELECTRICAL,Electrical Resistance,52381.27,Ohm,Ohm's Law Linear Regression,V = I * R
P7-SYNTH-029,P7-SYNTH-029-S01,ELECTRICAL,Electrical Resistivity,1.7976,Ohm*cm,Geometric Resistance Formula,rho = R * A / L
P7-SYNTH-029,P7-SYNTH-029-S01,ELECTRICAL,Electrical Conductivity,0.55628,S/cm,Reciprocal Resistivity,sigma = 1 / rho
P7-SYNTH-030,P7-SYNTH-030-S01,XRD,Crystallite Size,26.84,nm,Scherrer Equation,D = (K * lambda) / (beta * cos(theta))
P7-SYNTH-030,P7-SYNTH-030-S01,ELECTRICAL,Electrical Resistance,2678345.74,Ohm,Ohm's Law Linear Regression,V = I * R
P7-SYNTH-030,P7-SYNTH-030-S01,ELECTRICAL,Electrical Resistivity,18.7484,Ohm*cm,Geometric Resistance Formula,rho = R * A / L
P7-SYNTH-030,P7-SYNTH-030-S01,ELECTRICAL,Electrical Conductivity,0.05334,S/cm,Reciprocal Resistivity,sigma = 1 / rho
P7-SYNTH-031,P7-SYNTH-031-S01,XRD,Crystallite Size,21.0,nm,Scherrer Equation,D = (K * lambda) / (beta * cos(theta))
P7-SYNTH-031,P7-SYNTH-031-S01,ELECTRICAL,Electrical Resistance,403070.87,Ohm,Ohm's Law Linear Regression,V = I * R
P7-SYNTH-031,P7-SYNTH-031-S01,ELECTRICAL,Electrical Resistivity,4.8423,Ohm*cm,Geometric Resistance Formula,rho = R * A / L
P7-SYNTH-031,P7-SYNTH-031-S01,ELECTRICAL,Electrical Conductivity,0.20652,S/cm,Reciprocal Resistivity,sigma = 1 / rho
P7-SYNTH-032,P7-SYNTH-032-S01,XRD,Crystallite Size,32.63,nm,Scherrer Equation,D = (K * lambda) / (beta * cos(theta))
P7-SYNTH-032,P7-SYNTH-032-S01,UV_VIS,Optical Band Gap,1.38,eV,Tauc Plot Linear Extrapolation,(alpha * h * nu)^(1/n) vs h * nu
P7-SYNTH-032,P7-SYNTH-032-S01,ELECTRICAL,Electrical Resistance,49339.72,Ohm,Ohm's Law Linear Regression,V = I * R
P7-SYNTH-032,P7-SYNTH-032-S01,ELECTRICAL,Electrical Resistivity,2.4657,Ohm*cm,Geometric Resistance Formula,rho = R * A / L
P7-SYNTH-032,P7-SYNTH-032-S01,ELECTRICAL,Electrical Conductivity,0.40557,S/cm,Reciprocal Resistivity,sigma = 1 / rho
P7-SYNTH-033,P7-SYNTH-033-S01,XRD,Crystallite Size,18.95,nm,Scherrer Equation,D = (K * lambda) / (beta * cos(theta))
P7-SYNTH-033,P7-SYNTH-033-S01,UV_VIS,Optical Band Gap,1.483,eV,Tauc Plot Linear Extrapolation,(alpha * h * nu)^(1/n) vs h * nu
P7-SYNTH-033,P7-SYNTH-033-S01,ELECTRICAL,Electrical Resistance,1288503.6,Ohm,Ohm's Law Linear Regression,V = I * R
P7-SYNTH-033,P7-SYNTH-033-S01,ELECTRICAL,Electrical Resistivity,10.9377,Ohm*cm,Geometric Resistance Formula,rho = R * A / L
P7-SYNTH-033,P7-SYNTH-033-S01,ELECTRICAL,Electrical Conductivity,0.09143,S/cm,Reciprocal Resistivity,sigma = 1 / rho
P7-SYNTH-034,P7-SYNTH-034-S01,XRD,Crystallite Size,17.61,nm,Scherrer Equation,D = (K * lambda) / (beta * cos(theta))
P7-SYNTH-034,P7-SYNTH-034-S01,UV_VIS,Optical Band Gap,1.523,eV,Tauc Plot Linear Extrapolation,(alpha * h * nu)^(1/n) vs h * nu
P7-SYNTH-034,P7-SYNTH-034-S01,ELECTRICAL,Electrical Resistance,61318.61,Ohm,Ohm's Law Linear Regression,V = I * R
P7-SYNTH-034,P7-SYNTH-034-S01,ELECTRICAL,Electrical Resistivity,1.5009,Ohm*cm,Geometric Resistance Formula,rho = R * A / L
P7-SYNTH-034,P7-SYNTH-034-S01,ELECTRICAL,Electrical Conductivity,0.66628,S/cm,Reciprocal Resistivity,sigma = 1 / rho
P7-SYNTH-035,P7-SYNTH-035-S01,XRD,Crystallite Size,28.1,nm,Scherrer Equation,D = (K * lambda) / (beta * cos(theta))
P7-SYNTH-035,P7-SYNTH-035-S01,UV_VIS,Optical Band Gap,1.381,eV,Tauc Plot Linear Extrapolation,(alpha * h * nu)^(1/n) vs h * nu
P7-SYNTH-035,P7-SYNTH-035-S01,ELECTRICAL,Electrical Resistance,27706.12,Ohm,Ohm's Law Linear Regression,V = I * R
P7-SYNTH-035,P7-SYNTH-035-S01,ELECTRICAL,Electrical Resistivity,1.6086,Ohm*cm,Geometric Resistance Formula,rho = R * A / L
P7-SYNTH-035,P7-SYNTH-035-S01,ELECTRICAL,Electrical Conductivity,0.62164,S/cm,Reciprocal Resistivity,sigma = 1 / rho
P7-SYNTH-036,P7-SYNTH-036-S01,XRD,Crystallite Size,16.7,nm,Scherrer Equation,D = (K * lambda) / (beta * cos(theta))
P7-SYNTH-036,P7-SYNTH-036-S01,ELECTRICAL,Electrical Resistance,65694.72,Ohm,Ohm's Law Linear Regression,V = I * R
P7-SYNTH-036,P7-SYNTH-036-S01,ELECTRICAL,Electrical Resistivity,1.9929,Ohm*cm,Geometric Resistance Formula,rho = R * A / L
P7-SYNTH-036,P7-SYNTH-036-S01,ELECTRICAL,Electrical Conductivity,0.50177,S/cm,Reciprocal Resistivity,sigma = 1 / rho
P7-SYNTH-037,P7-SYNTH-037-S01,XRD,Crystallite Size,27.94,nm,Scherrer Equation,D = (K * lambda) / (beta * cos(theta))
P7-SYNTH-037,P7-SYNTH-037-S01,ELECTRICAL,Electrical Resistance,21030.45,Ohm,Ohm's Law Linear Regression,V = I * R
P7-SYNTH-037,P7-SYNTH-037-S01,ELECTRICAL,Electrical Resistivity,1.2137,Ohm*cm,Geometric Resistance Formula,rho = R * A / L
P7-SYNTH-037,P7-SYNTH-037-S01,ELECTRICAL,Electrical Conductivity,0.82394,S/cm,Reciprocal Resistivity,sigma = 1 / rho
P7-SYNTH-038,P7-SYNTH-038-S01,XRD,Crystallite Size,16.97,nm,Scherrer Equation,D = (K * lambda) / (beta * cos(theta))
P7-SYNTH-039,P7-SYNTH-039-S01,XRD,Crystallite Size,25.36,nm,Scherrer Equation,D = (K * lambda) / (beta * cos(theta))
P7-SYNTH-039,P7-SYNTH-039-S01,UV_VIS,Optical Band Gap,1.421,eV,Tauc Plot Linear Extrapolation,(alpha * h * nu)^(1/n) vs h * nu
P7-SYNTH-039,P7-SYNTH-039-S01,ELECTRICAL,Electrical Resistance,89567.78,Ohm,Ohm's Law Linear Regression,V = I * R
P7-SYNTH-039,P7-SYNTH-039-S01,ELECTRICAL,Electrical Resistivity,1.7024,Ohm*cm,Geometric Resistance Formula,rho = R * A / L
P7-SYNTH-039,P7-SYNTH-039-S01,ELECTRICAL,Electrical Conductivity,0.5874,S/cm,Reciprocal Resistivity,sigma = 1 / rho
P7-SYNTH-040,P7-SYNTH-040-S01,XRD,Crystallite Size,10.94,nm,Scherrer Equation,D = (K * lambda) / (beta * cos(theta))
P7-SYNTH-040,P7-SYNTH-040-S01,ELECTRICAL,Electrical Resistance,2137477.4,Ohm,Ohm's Law Linear Regression,V = I * R
P7-SYNTH-040,P7-SYNTH-040-S01,ELECTRICAL,Electrical Resistivity,25.4163,Ohm*cm,Geometric Resistance Formula,rho = R * A / L
P7-SYNTH-040,P7-SYNTH-040-S01,ELECTRICAL,Electrical Conductivity,0.03934,S/cm,Reciprocal Resistivity,sigma = 1 / rho
P7-SYNTH-041,P7-SYNTH-041-S01,XRD,Crystallite Size,17.6,nm,Scherrer Equation,D = (K * lambda) / (beta * cos(theta))
P7-SYNTH-041,P7-SYNTH-041-S01,ELECTRICAL,Electrical Resistance,40410.38,Ohm,Ohm's Law Linear Regression,V = I * R
P7-SYNTH-041,P7-SYNTH-041-S01,ELECTRICAL,Electrical Resistivity,2.1631,Ohm*cm,Geometric Resistance Formula,rho = R * A / L
P7-SYNTH-041,P7-SYNTH-041-S01,ELECTRICAL,Electrical Conductivity,0.46231,S/cm,Reciprocal Resistivity,sigma = 1 / rho
P7-SYNTH-042,P7-SYNTH-042-S01,XRD,Crystallite Size,27.67,nm,Scherrer Equation,D = (K * lambda) / (beta * cos(theta))
P7-SYNTH-042,P7-SYNTH-042-S01,UV_VIS,Optical Band Gap,1.364,eV,Tauc Plot Linear Extrapolation,(alpha * h * nu)^(1/n) vs h * nu
P7-SYNTH-042,P7-SYNTH-042-S01,ELECTRICAL,Electrical Resistance,411863.23,Ohm,Ohm's Law Linear Regression,V = I * R
P7-SYNTH-042,P7-SYNTH-042-S01,ELECTRICAL,Electrical Resistivity,5.3579,Ohm*cm,Geometric Resistance Formula,rho = R * A / L
P7-SYNTH-042,P7-SYNTH-042-S01,ELECTRICAL,Electrical Conductivity,0.18664,S/cm,Reciprocal Resistivity,sigma = 1 / rho
P7-SYNTH-043,P7-SYNTH-043-S01,XRD,Crystallite Size,25.74,nm,Scherrer Equation,D = (K * lambda) / (beta * cos(theta))
P7-SYNTH-043,P7-SYNTH-043-S01,UV_VIS,Optical Band Gap,1.423,eV,Tauc Plot Linear Extrapolation,(alpha * h * nu)^(1/n) vs h * nu
P7-SYNTH-043,P7-SYNTH-043-S01,ELECTRICAL,Electrical Resistance,14941.13,Ohm,Ohm's Law Linear Regression,V = I * R
P7-SYNTH-043,P7-SYNTH-043-S01,ELECTRICAL,Electrical Resistivity,1.1638,Ohm*cm,Geometric Resistance Formula,rho = R * A / L
P7-SYNTH-043,P7-SYNTH-043-S01,ELECTRICAL,Electrical Conductivity,0.85922,S/cm,Reciprocal Resistivity,sigma = 1 / rho
P7-SYNTH-044,P7-SYNTH-044-S01,XRD,Crystallite Size,10.97,nm,Scherrer Equation,D = (K * lambda) / (beta * cos(theta))
P7-SYNTH-044,P7-SYNTH-044-S01,UV_VIS,Optical Band Gap,1.699,eV,Tauc Plot Linear Extrapolation,(alpha * h * nu)^(1/n) vs h * nu
P7-SYNTH-044,P7-SYNTH-044-S01,ELECTRICAL,Electrical Resistance,4704372.22,Ohm,Ohm's Law Linear Regression,V = I * R
P7-SYNTH-044,P7-SYNTH-044-S01,ELECTRICAL,Electrical Resistivity,43.2025,Ohm*cm,Geometric Resistance Formula,rho = R * A / L
P7-SYNTH-044,P7-SYNTH-044-S01,ELECTRICAL,Electrical Conductivity,0.02315,S/cm,Reciprocal Resistivity,sigma = 1 / rho
P7-SYNTH-045,P7-SYNTH-045-S01,XRD,Crystallite Size,23.35,nm,Scherrer Equation,D = (K * lambda) / (beta * cos(theta))
P7-SYNTH-045,P7-SYNTH-045-S01,UV_VIS,Optical Band Gap,1.444,eV,Tauc Plot Linear Extrapolation,(alpha * h * nu)^(1/n) vs h * nu
P7-SYNTH-045,P7-SYNTH-045-S01,ELECTRICAL,Electrical Resistance,65474.25,Ohm,Ohm's Law Linear Regression,V = I * R
P7-SYNTH-045,P7-SYNTH-045-S01,ELECTRICAL,Electrical Resistivity,1.3375,Ohm*cm,Geometric Resistance Formula,rho = R * A / L
P7-SYNTH-045,P7-SYNTH-045-S01,ELECTRICAL,Electrical Conductivity,0.74764,S/cm,Reciprocal Resistivity,sigma = 1 / rho
P7-SYNTH-046,P7-SYNTH-046-S01,XRD,Crystallite Size,30.29,nm,Scherrer Equation,D = (K * lambda) / (beta * cos(theta))
P7-SYNTH-046,P7-SYNTH-046-S01,ELECTRICAL,Electrical Resistance,77081.14,Ohm,Ohm's Law Linear Regression,V = I * R
P7-SYNTH-046,P7-SYNTH-046-S01,ELECTRICAL,Electrical Resistivity,2.4766,Ohm*cm,Geometric Resistance Formula,rho = R * A / L
P7-SYNTH-046,P7-SYNTH-046-S01,ELECTRICAL,Electrical Conductivity,0.40377,S/cm,Reciprocal Resistivity,sigma = 1 / rho
P7-SYNTH-047,P7-SYNTH-047-S01,XRD,Crystallite Size,18.76,nm,Scherrer Equation,D = (K * lambda) / (beta * cos(theta))
P7-SYNTH-047,P7-SYNTH-047-S01,UV_VIS,Optical Band Gap,1.487,eV,Tauc Plot Linear Extrapolation,(alpha * h * nu)^(1/n) vs h * nu
P7-SYNTH-047,P7-SYNTH-047-S01,ELECTRICAL,Electrical Resistance,1120644.14,Ohm,Ohm's Law Linear Regression,V = I * R
P7-SYNTH-047,P7-SYNTH-047-S01,ELECTRICAL,Electrical Resistivity,10.1483,Ohm*cm,Geometric Resistance Formula,rho = R * A / L
P7-SYNTH-047,P7-SYNTH-047-S01,ELECTRICAL,Electrical Conductivity,0.09854,S/cm,Reciprocal Resistivity,sigma = 1 / rho
P7-SYNTH-048,P7-SYNTH-048-S01,XRD,Crystallite Size,20.21,nm,Scherrer Equation,D = (K * lambda) / (beta * cos(theta))
P7-SYNTH-048,P7-SYNTH-048-S01,UV_VIS,Optical Band Gap,1.461,eV,Tauc Plot Linear Extrapolation,(alpha * h * nu)^(1/n) vs h * nu
P7-SYNTH-048,P7-SYNTH-048-S01,ELECTRICAL,Electrical Resistance,113823.4,Ohm,Ohm's Law Linear Regression,V = I * R
P7-SYNTH-048,P7-SYNTH-048-S01,ELECTRICAL,Electrical Resistivity,2.3575,Ohm*cm,Geometric Resistance Formula,rho = R * A / L
P7-SYNTH-048,P7-SYNTH-048-S01,ELECTRICAL,Electrical Conductivity,0.42417,S/cm,Reciprocal Resistivity,sigma = 1 / rho
P7-SYNTH-049,P7-SYNTH-049-S01,XRD,Crystallite Size,15.54,nm,Scherrer Equation,D = (K * lambda) / (beta * cos(theta))
P7-SYNTH-049,P7-SYNTH-049-S01,ELECTRICAL,Electrical Resistance,148492.82,Ohm,Ohm's Law Linear Regression,V = I * R
P7-SYNTH-049,P7-SYNTH-049-S01,ELECTRICAL,Electrical Resistivity,6.3467,Ohm*cm,Geometric Resistance Formula,rho = R * A / L
P7-SYNTH-049,P7-SYNTH-049-S01,ELECTRICAL,Electrical Conductivity,0.15756,S/cm,Reciprocal Resistivity,sigma = 1 / rho
P7-SYNTH-050,P7-SYNTH-050-S01,XRD,Crystallite Size,22.16,nm,Scherrer Equation,D = (K * lambda) / (beta * cos(theta))
P7-SYNTH-050,P7-SYNTH-050-S01,UV_VIS,Optical Band Gap,1.45,eV,Tauc Plot Linear Extrapolation,(alpha * h * nu)^(1/n) vs h * nu
P7-SYNTH-050,P7-SYNTH-050-S01,ELECTRICAL,Electrical Resistance,62447.16,Ohm,Ohm's Law Linear Regression,V = I * R
P7-SYNTH-050,P7-SYNTH-050-S01,ELECTRICAL,Electrical Resistivity,1.2477,Ohm*cm,Geometric Resistance Formula,rho = R * A / L
P7-SYNTH-050,P7-SYNTH-050-S01,ELECTRICAL,Electrical Conductivity,0.8015,S/cm,Reciprocal Resistivity,sigma = 1 / rho
P7-SYNTH-051,P7-SYNTH-051-S01,XRD,Crystallite Size,10.55,nm,Scherrer Equation,D = (K * lambda) / (beta * cos(theta))
P7-SYNTH-051,P7-SYNTH-051-S01,ELECTRICAL,Electrical Resistance,6877352.66,Ohm,Ohm's Law Linear Regression,V = I * R
P7-SYNTH-051,P7-SYNTH-051-S01,ELECTRICAL,Electrical Resistivity,62.3433,Ohm*cm,Geometric Resistance Formula,rho = R * A / L
P7-SYNTH-051,P7-SYNTH-051-S01,ELECTRICAL,Electrical Conductivity,0.01604,S/cm,Reciprocal Resistivity,sigma = 1 / rho
P7-SYNTH-052,P7-SYNTH-052-S01,XRD,Crystallite Size,10.5,nm,Scherrer Equation,D = (K * lambda) / (beta * cos(theta))
P7-SYNTH-052,P7-SYNTH-052-S01,UV_VIS,Optical Band Gap,1.707,eV,Tauc Plot Linear Extrapolation,(alpha * h * nu)^(1/n) vs h * nu
P7-SYNTH-052,P7-SYNTH-052-S01,ELECTRICAL,Electrical Resistance,6070726.67,Ohm,Ohm's Law Linear Regression,V = I * R
P7-SYNTH-052,P7-SYNTH-052-S01,ELECTRICAL,Electrical Resistivity,42.4951,Ohm*cm,Geometric Resistance Formula,rho = R * A / L
P7-SYNTH-052,P7-SYNTH-052-S01,ELECTRICAL,Electrical Conductivity,0.02353,S/cm,Reciprocal Resistivity,sigma = 1 / rho
P7-SYNTH-053,P7-SYNTH-053-S01,XRD,Crystallite Size,10.5,nm,Scherrer Equation,D = (K * lambda) / (beta * cos(theta))
P7-SYNTH-053,P7-SYNTH-053-S01,UV_VIS,Optical Band Gap,1.701,eV,Tauc Plot Linear Extrapolation,(alpha * h * nu)^(1/n) vs h * nu
P7-SYNTH-053,P7-SYNTH-053-S01,ELECTRICAL,Electrical Resistance,9004784.56,Ohm,Ohm's Law Linear Regression,V = I * R
P7-SYNTH-053,P7-SYNTH-053-S01,ELECTRICAL,Electrical Resistivity,63.0335,Ohm*cm,Geometric Resistance Formula,rho = R * A / L
P7-SYNTH-053,P7-SYNTH-053-S01,ELECTRICAL,Electrical Conductivity,0.01586,S/cm,Reciprocal Resistivity,sigma = 1 / rho
P7-SYNTH-054,P7-SYNTH-054-S01,XRD,Crystallite Size,10.5,nm,Scherrer Equation,D = (K * lambda) / (beta * cos(theta))
P7-SYNTH-054,P7-SYNTH-054-S01,UV_VIS,Optical Band Gap,1.717,eV,Tauc Plot Linear Extrapolation,(alpha * h * nu)^(1/n) vs h * nu
P7-SYNTH-054,P7-SYNTH-054-S01,ELECTRICAL,Electrical Resistance,8854739.58,Ohm,Ohm's Law Linear Regression,V = I * R
P7-SYNTH-054,P7-SYNTH-054-S01,ELECTRICAL,Electrical Resistivity,61.9832,Ohm*cm,Geometric Resistance Formula,rho = R * A / L
P7-SYNTH-054,P7-SYNTH-054-S01,ELECTRICAL,Electrical Conductivity,0.01613,S/cm,Reciprocal Resistivity,sigma = 1 / rho
P7-SYNTH-055,P7-SYNTH-055-S01,XRD,Crystallite Size,10.5,nm,Scherrer Equation,D = (K * lambda) / (beta * cos(theta))
P7-SYNTH-055,P7-SYNTH-055-S01,UV_VIS,Optical Band Gap,1.711,eV,Tauc Plot Linear Extrapolation,(alpha * h * nu)^(1/n) vs h * nu
P7-SYNTH-055,P7-SYNTH-055-S01,ELECTRICAL,Electrical Resistance,7340827.76,Ohm,Ohm's Law Linear Regression,V = I * R
P7-SYNTH-055,P7-SYNTH-055-S01,ELECTRICAL,Electrical Resistivity,62.8159,Ohm*cm,Geometric Resistance Formula,rho = R * A / L
P7-SYNTH-055,P7-SYNTH-055-S01,ELECTRICAL,Electrical Conductivity,0.01592,S/cm,Reciprocal Resistivity,sigma = 1 / rho
P7-SYNTH-056,P7-SYNTH-056-S01,XRD,Crystallite Size,11.0,nm,Scherrer Equation,D = (K * lambda) / (beta * cos(theta))
P7-SYNTH-056,P7-SYNTH-056-S01,UV_VIS,Optical Band Gap,1.687,eV,Tauc Plot Linear Extrapolation,(alpha * h * nu)^(1/n) vs h * nu
P7-SYNTH-056,P7-SYNTH-056-S01,ELECTRICAL,Electrical Resistance,4776548.52,Ohm,Ohm's Law Linear Regression,V = I * R
P7-SYNTH-056,P7-SYNTH-056-S01,ELECTRICAL,Electrical Resistivity,39.9225,Ohm*cm,Geometric Resistance Formula,rho = R * A / L
P7-SYNTH-056,P7-SYNTH-056-S01,ELECTRICAL,Electrical Conductivity,0.02505,S/cm,Reciprocal Resistivity,sigma = 1 / rho
P7-SYNTH-057,P7-SYNTH-057-S01,XRD,Crystallite Size,10.5,nm,Scherrer Equation,D = (K * lambda) / (beta * cos(theta))
P7-SYNTH-057,P7-SYNTH-057-S01,UV_VIS,Optical Band Gap,1.696,eV,Tauc Plot Linear Extrapolation,(alpha * h * nu)^(1/n) vs h * nu
P7-SYNTH-057,P7-SYNTH-057-S01,ELECTRICAL,Electrical Resistance,6683326.62,Ohm,Ohm's Law Linear Regression,V = I * R
P7-SYNTH-057,P7-SYNTH-057-S01,ELECTRICAL,Electrical Resistivity,61.0851,Ohm*cm,Geometric Resistance Formula,rho = R * A / L
P7-SYNTH-057,P7-SYNTH-057-S01,ELECTRICAL,Electrical Conductivity,0.01637,S/cm,Reciprocal Resistivity,sigma = 1 / rho
P7-SYNTH-058,P7-SYNTH-058-S01,XRD,Crystallite Size,11.28,nm,Scherrer Equation,D = (K * lambda) / (beta * cos(theta))
P7-SYNTH-058,P7-SYNTH-058-S01,UV_VIS,Optical Band Gap,1.679,eV,Tauc Plot Linear Extrapolation,(alpha * h * nu)^(1/n) vs h * nu
P7-SYNTH-058,P7-SYNTH-058-S01,ELECTRICAL,Electrical Resistance,8753372.73,Ohm,Ohm's Law Linear Regression,V = I * R
P7-SYNTH-058,P7-SYNTH-058-S01,ELECTRICAL,Electrical Resistivity,61.2736,Ohm*cm,Geometric Resistance Formula,rho = R * A / L
P7-SYNTH-058,P7-SYNTH-058-S01,ELECTRICAL,Electrical Conductivity,0.01632,S/cm,Reciprocal Resistivity,sigma = 1 / rho
P7-SYNTH-059,P7-SYNTH-059-S01,XRD,Crystallite Size,11.41,nm,Scherrer Equation,D = (K * lambda) / (beta * cos(theta))
P7-SYNTH-059,P7-SYNTH-059-S01,ELECTRICAL,Electrical Resistance,4109756.97,Ohm,Ohm's Law Linear Regression,V = I * R
P7-SYNTH-059,P7-SYNTH-059-S01,ELECTRICAL,Electrical Resistivity,53.6421,Ohm*cm,Geometric Resistance Formula,rho = R * A / L
P7-SYNTH-059,P7-SYNTH-059-S01,ELECTRICAL,Electrical Conductivity,0.01864,S/cm,Reciprocal Resistivity,sigma = 1 / rho
P7-SYNTH-060,P7-SYNTH-060-S01,XRD,Crystallite Size,11.74,nm,Scherrer Equation,D = (K * lambda) / (beta * cos(theta))
P7-SYNTH-060,P7-SYNTH-060-S01,UV_VIS,Optical Band Gap,1.656,eV,Tauc Plot Linear Extrapolation,(alpha * h * nu)^(1/n) vs h * nu
P7-SYNTH-060,P7-SYNTH-060-S01,ELECTRICAL,Electrical Resistance,1650783.02,Ohm,Ohm's Law Linear Regression,V = I * R
P7-SYNTH-060,P7-SYNTH-060-S01,ELECTRICAL,Electrical Resistivity,32.8239,Ohm*cm,Geometric Resistance Formula,rho = R * A / L
P7-SYNTH-060,P7-SYNTH-060-S01,ELECTRICAL,Electrical Conductivity,0.03047,S/cm,Reciprocal Resistivity,sigma = 1 / rho
P7-SYNTH-061,P7-SYNTH-061-S01,XRD,Crystallite Size,12.73,nm,Scherrer Equation,D = (K * lambda) / (beta * cos(theta))
P7-SYNTH-061,P7-SYNTH-061-S01,UV_VIS,Optical Band Gap,1.619,eV,Tauc Plot Linear Extrapolation,(alpha * h * nu)^(1/n) vs h * nu
P7-SYNTH-061,P7-SYNTH-061-S01,ELECTRICAL,Electrical Resistance,630689.13,Ohm,Ohm's Law Linear Regression,V = I * R
P7-SYNTH-061,P7-SYNTH-061-S01,ELECTRICAL,Electrical Resistivity,15.2272,Ohm*cm,Geometric Resistance Formula,rho = R * A / L
P7-SYNTH-061,P7-SYNTH-061-S01,ELECTRICAL,Electrical Conductivity,0.06567,S/cm,Reciprocal Resistivity,sigma = 1 / rho
P7-SYNTH-062,P7-SYNTH-062-S01,XRD,Crystallite Size,12.24,nm,Scherrer Equation,D = (K * lambda) / (beta * cos(theta))
P7-SYNTH-062,P7-SYNTH-062-S01,UV_VIS,Optical Band Gap,1.655,eV,Tauc Plot Linear Extrapolation,(alpha * h * nu)^(1/n) vs h * nu
P7-SYNTH-062,P7-SYNTH-062-S01,ELECTRICAL,Electrical Resistance,690554.43,Ohm,Ohm's Law Linear Regression,V = I * R
P7-SYNTH-062,P7-SYNTH-062-S01,ELECTRICAL,Electrical Resistivity,14.4426,Ohm*cm,Geometric Resistance Formula,rho = R * A / L
P7-SYNTH-062,P7-SYNTH-062-S01,ELECTRICAL,Electrical Conductivity,0.06924,S/cm,Reciprocal Resistivity,sigma = 1 / rho
P7-SYNTH-063,P7-SYNTH-063-S01,XRD,Crystallite Size,12.74,nm,Scherrer Equation,D = (K * lambda) / (beta * cos(theta))
P7-SYNTH-063,P7-SYNTH-063-S01,UV_VIS,Optical Band Gap,1.651,eV,Tauc Plot Linear Extrapolation,(alpha * h * nu)^(1/n) vs h * nu
P7-SYNTH-063,P7-SYNTH-063-S01,ELECTRICAL,Electrical Resistance,554081.47,Ohm,Ohm's Law Linear Regression,V = I * R
P7-SYNTH-063,P7-SYNTH-063-S01,ELECTRICAL,Electrical Resistivity,13.9463,Ohm*cm,Geometric Resistance Formula,rho = R * A / L
P7-SYNTH-063,P7-SYNTH-063-S01,ELECTRICAL,Electrical Conductivity,0.0717,S/cm,Reciprocal Resistivity,sigma = 1 / rho
P7-SYNTH-064,P7-SYNTH-064-S01,XRD,Crystallite Size,12.74,nm,Scherrer Equation,D = (K * lambda) / (beta * cos(theta))
P7-SYNTH-064,P7-SYNTH-064-S01,UV_VIS,Optical Band Gap,1.633,eV,Tauc Plot Linear Extrapolation,(alpha * h * nu)^(1/n) vs h * nu
P7-SYNTH-064,P7-SYNTH-064-S01,ELECTRICAL,Electrical Resistance,318177.47,Ohm,Ohm's Law Linear Regression,V = I * R
P7-SYNTH-064,P7-SYNTH-064-S01,ELECTRICAL,Electrical Resistivity,7.9312,Ohm*cm,Geometric Resistance Formula,rho = R * A / L
P7-SYNTH-064,P7-SYNTH-064-S01,ELECTRICAL,Electrical Conductivity,0.12608,S/cm,Reciprocal Resistivity,sigma = 1 / rho
P7-SYNTH-065,P7-SYNTH-065-S01,XRD,Crystallite Size,12.04,nm,Scherrer Equation,D = (K * lambda) / (beta * cos(theta))
P7-SYNTH-065,P7-SYNTH-065-S01,UV_VIS,Optical Band Gap,1.649,eV,Tauc Plot Linear Extrapolation,(alpha * h * nu)^(1/n) vs h * nu
P7-SYNTH-065,P7-SYNTH-065-S01,ELECTRICAL,Electrical Resistance,1094779.75,Ohm,Ohm's Law Linear Regression,V = I * R
P7-SYNTH-065,P7-SYNTH-065-S01,ELECTRICAL,Electrical Resistivity,16.0825,Ohm*cm,Geometric Resistance Formula,rho = R * A / L
P7-SYNTH-065,P7-SYNTH-065-S01,ELECTRICAL,Electrical Conductivity,0.06218,S/cm,Reciprocal Resistivity,sigma = 1 / rho
P7-SYNTH-066,P7-SYNTH-066-S01,XRD,Crystallite Size,12.07,nm,Scherrer Equation,D = (K * lambda) / (beta * cos(theta))
P7-SYNTH-066,P7-SYNTH-066-S01,ELECTRICAL,Electrical Resistance,5478037.49,Ohm,Ohm's Law Linear Regression,V = I * R
P7-SYNTH-066,P7-SYNTH-066-S01,ELECTRICAL,Electrical Resistivity,38.3463,Ohm*cm,Geometric Resistance Formula,rho = R * A / L
P7-SYNTH-066,P7-SYNTH-066-S01,ELECTRICAL,Electrical Conductivity,0.02608,S/cm,Reciprocal Resistivity,sigma = 1 / rho
P7-SYNTH-067,P7-SYNTH-067-S01,XRD,Crystallite Size,12.84,nm,Scherrer Equation,D = (K * lambda) / (beta * cos(theta))
P7-SYNTH-067,P7-SYNTH-067-S01,ELECTRICAL,Electrical Resistance,3808776.28,Ohm,Ohm's Law Linear Regression,V = I * R
P7-SYNTH-067,P7-SYNTH-067-S01,ELECTRICAL,Electrical Resistivity,32.2404,Ohm*cm,Geometric Resistance Formula,rho = R * A / L
P7-SYNTH-067,P7-SYNTH-067-S01,ELECTRICAL,Electrical Conductivity,0.03102,S/cm,Reciprocal Resistivity,sigma = 1 / rho
P7-SYNTH-068,P7-SYNTH-068-S01,XRD,Crystallite Size,13.66,nm,Scherrer Equation,D = (K * lambda) / (beta * cos(theta))
P7-SYNTH-068,P7-SYNTH-068-S01,UV_VIS,Optical Band Gap,1.616,eV,Tauc Plot Linear Extrapolation,(alpha * h * nu)^(1/n) vs h * nu
P7-SYNTH-068,P7-SYNTH-068-S01,ELECTRICAL,Electrical Resistance,430862.22,Ohm,Ohm's Law Linear Regression,V = I * R
P7-SYNTH-068,P7-SYNTH-068-S01,ELECTRICAL,Electrical Resistivity,7.2488,Ohm*cm,Geometric Resistance Formula,rho = R * A / L
P7-SYNTH-068,P7-SYNTH-068-S01,ELECTRICAL,Electrical Conductivity,0.13795,S/cm,Reciprocal Resistivity,sigma = 1 / rho
P7-SYNTH-069,P7-SYNTH-069-S01,XRD,Crystallite Size,12.71,nm,Scherrer Equation,D = (K * lambda) / (beta * cos(theta))
P7-SYNTH-069,P7-SYNTH-069-S01,UV_VIS,Optical Band Gap,1.613,eV,Tauc Plot Linear Extrapolation,(alpha * h * nu)^(1/n) vs h * nu
P7-SYNTH-069,P7-SYNTH-069-S01,ELECTRICAL,Electrical Resistance,3993696.92,Ohm,Ohm's Law Linear Regression,V = I * R
P7-SYNTH-069,P7-SYNTH-069-S01,ELECTRICAL,Electrical Resistivity,32.7475,Ohm*cm,Geometric Resistance Formula,rho = R * A / L
P7-SYNTH-069,P7-SYNTH-069-S01,ELECTRICAL,Electrical Conductivity,0.03054,S/cm,Reciprocal Resistivity,sigma = 1 / rho
P7-SYNTH-070,P7-SYNTH-070-S01,XRD,Crystallite Size,13.67,nm,Scherrer Equation,D = (K * lambda) / (beta * cos(theta))
P7-SYNTH-070,P7-SYNTH-070-S01,ELECTRICAL,Electrical Resistance,660459.54,Ohm,Ohm's Law Linear Regression,V = I * R
P7-SYNTH-070,P7-SYNTH-070-S01,ELECTRICAL,Electrical Resistivity,10.106,Ohm*cm,Geometric Resistance Formula,rho = R * A / L
P7-SYNTH-070,P7-SYNTH-070-S01,ELECTRICAL,Electrical Conductivity,0.09895,S/cm,Reciprocal Resistivity,sigma = 1 / rho
P7-SYNTH-071,P7-SYNTH-071-S01,XRD,Crystallite Size,15.26,nm,Scherrer Equation,D = (K * lambda) / (beta * cos(theta))
P7-SYNTH-071,P7-SYNTH-071-S01,UV_VIS,Optical Band Gap,1.569,eV,Tauc Plot Linear Extrapolation,(alpha * h * nu)^(1/n) vs h * nu
P7-SYNTH-071,P7-SYNTH-071-S01,ELECTRICAL,Electrical Resistance,188374.28,Ohm,Ohm's Law Linear Regression,V = I * R
P7-SYNTH-071,P7-SYNTH-071-S01,ELECTRICAL,Electrical Resistivity,5.1218,Ohm*cm,Geometric Resistance Formula,rho = R * A / L
P7-SYNTH-071,P7-SYNTH-071-S01,ELECTRICAL,Electrical Conductivity,0.19524,S/cm,Reciprocal Resistivity,sigma = 1 / rho
P7-SYNTH-072,P7-SYNTH-072-S01,XRD,Crystallite Size,14.22,nm,Scherrer Equation,D = (K * lambda) / (beta * cos(theta))
P7-SYNTH-072,P7-SYNTH-072-S01,UV_VIS,Optical Band Gap,1.588,eV,Tauc Plot Linear Extrapolation,(alpha * h * nu)^(1/n) vs h * nu
P7-SYNTH-072,P7-SYNTH-072-S01,ELECTRICAL,Electrical Resistance,1748295.63,Ohm,Ohm's Law Linear Regression,V = I * R
P7-SYNTH-072,P7-SYNTH-072-S01,ELECTRICAL,Electrical Resistivity,15.8804,Ohm*cm,Geometric Resistance Formula,rho = R * A / L
P7-SYNTH-072,P7-SYNTH-072-S01,ELECTRICAL,Electrical Conductivity,0.06297,S/cm,Reciprocal Resistivity,sigma = 1 / rho
P7-SYNTH-073,P7-SYNTH-073-S01,XRD,Crystallite Size,15.21,nm,Scherrer Equation,D = (K * lambda) / (beta * cos(theta))
P7-SYNTH-073,P7-SYNTH-073-S01,UV_VIS,Optical Band Gap,1.554,eV,Tauc Plot Linear Extrapolation,(alpha * h * nu)^(1/n) vs h * nu
P7-SYNTH-073,P7-SYNTH-073-S01,ELECTRICAL,Electrical Resistance,274623.01,Ohm,Ohm's Law Linear Regression,V = I * R
P7-SYNTH-073,P7-SYNTH-073-S01,ELECTRICAL,Electrical Resistivity,5.1498,Ohm*cm,Geometric Resistance Formula,rho = R * A / L
P7-SYNTH-073,P7-SYNTH-073-S01,ELECTRICAL,Electrical Conductivity,0.19418,S/cm,Reciprocal Resistivity,sigma = 1 / rho
P7-SYNTH-074,P7-SYNTH-074-S01,XRD,Crystallite Size,14.4,nm,Scherrer Equation,D = (K * lambda) / (beta * cos(theta))
P7-SYNTH-074,P7-SYNTH-074-S01,UV_VIS,Optical Band Gap,1.579,eV,Tauc Plot Linear Extrapolation,(alpha * h * nu)^(1/n) vs h * nu
P7-SYNTH-074,P7-SYNTH-074-S01,ELECTRICAL,Electrical Resistance,1612938.43,Ohm,Ohm's Law Linear Regression,V = I * R
P7-SYNTH-074,P7-SYNTH-074-S01,ELECTRICAL,Electrical Resistivity,15.7529,Ohm*cm,Geometric Resistance Formula,rho = R * A / L
P7-SYNTH-074,P7-SYNTH-074-S01,ELECTRICAL,Electrical Conductivity,0.06348,S/cm,Reciprocal Resistivity,sigma = 1 / rho
P7-SYNTH-075,P7-SYNTH-075-S01,XRD,Crystallite Size,17.6,nm,Scherrer Equation,D = (K * lambda) / (beta * cos(theta))
P7-SYNTH-075,P7-SYNTH-075-S01,UV_VIS,Optical Band Gap,1.53,eV,Tauc Plot Linear Extrapolation,(alpha * h * nu)^(1/n) vs h * nu
P7-SYNTH-075,P7-SYNTH-075-S01,ELECTRICAL,Electrical Resistance,111736.43,Ohm,Ohm's Law Linear Regression,V = I * R
P7-SYNTH-075,P7-SYNTH-075-S01,ELECTRICAL,Electrical Resistivity,3.6189,Ohm*cm,Geometric Resistance Formula,rho = R * A / L
P7-SYNTH-075,P7-SYNTH-075-S01,ELECTRICAL,Electrical Conductivity,0.27633,S/cm,Reciprocal Resistivity,sigma = 1 / rho
P7-SYNTH-076,P7-SYNTH-076-S01,XRD,Crystallite Size,15.29,nm,Scherrer Equation,D = (K * lambda) / (beta * cos(theta))
P7-SYNTH-076,P7-SYNTH-076-S01,UV_VIS,Optical Band Gap,1.534,eV,Tauc Plot Linear Extrapolation,(alpha * h * nu)^(1/n) vs h * nu
P7-SYNTH-076,P7-SYNTH-076-S01,ELECTRICAL,Electrical Resistance,845811.8,Ohm,Ohm's Law Linear Regression,V = I * R
P7-SYNTH-076,P7-SYNTH-076-S01,ELECTRICAL,Electrical Resistivity,9.1013,Ohm*cm,Geometric Resistance Formula,rho = R * A / L
P7-SYNTH-076,P7-SYNTH-076-S01,ELECTRICAL,Electrical Conductivity,0.10987,S/cm,Reciprocal Resistivity,sigma = 1 / rho
P7-SYNTH-077,P7-SYNTH-077-S01,XRD,Crystallite Size,15.29,nm,Scherrer Equation,D = (K * lambda) / (beta * cos(theta))
P7-SYNTH-077,P7-SYNTH-077-S01,UV_VIS,Optical Band Gap,1.557,eV,Tauc Plot Linear Extrapolation,(alpha * h * nu)^(1/n) vs h * nu
P7-SYNTH-077,P7-SYNTH-077-S01,ELECTRICAL,Electrical Resistance,1216417.57,Ohm,Ohm's Law Linear Regression,V = I * R
P7-SYNTH-077,P7-SYNTH-077-S01,ELECTRICAL,Electrical Resistivity,12.47,Ohm*cm,Geometric Resistance Formula,rho = R * A / L
P7-SYNTH-077,P7-SYNTH-077-S01,ELECTRICAL,Electrical Conductivity,0.08019,S/cm,Reciprocal Resistivity,sigma = 1 / rho
P7-SYNTH-078,P7-SYNTH-078-S01,XRD,Crystallite Size,17.37,nm,Scherrer Equation,D = (K * lambda) / (beta * cos(theta))
P7-SYNTH-078,P7-SYNTH-078-S01,UV_VIS,Optical Band Gap,1.513,eV,Tauc Plot Linear Extrapolation,(alpha * h * nu)^(1/n) vs h * nu
P7-SYNTH-078,P7-SYNTH-078-S01,ELECTRICAL,Electrical Resistance,139169.23,Ohm,Ohm's Law Linear Regression,V = I * R
P7-SYNTH-078,P7-SYNTH-078-S01,ELECTRICAL,Electrical Resistivity,3.5675,Ohm*cm,Geometric Resistance Formula,rho = R * A / L
P7-SYNTH-078,P7-SYNTH-078-S01,ELECTRICAL,Electrical Conductivity,0.2803,S/cm,Reciprocal Resistivity,sigma = 1 / rho
P7-SYNTH-080,P7-SYNTH-080-S01,XRD,Crystallite Size,18.74,nm,Scherrer Equation,D = (K * lambda) / (beta * cos(theta))
P7-SYNTH-080,P7-SYNTH-080-S01,ELECTRICAL,Electrical Resistance,73768.23,Ohm,Ohm's Law Linear Regression,V = I * R
P7-SYNTH-080,P7-SYNTH-080-S01,ELECTRICAL,Electrical Resistivity,1.8905,Ohm*cm,Geometric Resistance Formula,rho = R * A / L
P7-SYNTH-080,P7-SYNTH-080-S01,ELECTRICAL,Electrical Conductivity,0.52896,S/cm,Reciprocal Resistivity,sigma = 1 / rho
P7-SYNTH-081,P7-SYNTH-081-S01,XRD,Crystallite Size,17.38,nm,Scherrer Equation,D = (K * lambda) / (beta * cos(theta))
P7-SYNTH-081,P7-SYNTH-081-S01,UV_VIS,Optical Band Gap,1.506,eV,Tauc Plot Linear Extrapolation,(alpha * h * nu)^(1/n) vs h * nu
P7-SYNTH-081,P7-SYNTH-081-S01,ELECTRICAL,Electrical Resistance,124012.56,Ohm,Ohm's Law Linear Regression,V = I * R
P7-SYNTH-081,P7-SYNTH-081-S01,ELECTRICAL,Electrical Resistivity,2.9534,Ohm*cm,Geometric Resistance Formula,rho = R * A / L
P7-SYNTH-081,P7-SYNTH-081-S01,ELECTRICAL,Electrical Conductivity,0.33859,S/cm,Reciprocal Resistivity,sigma = 1 / rho
P7-SYNTH-082,P7-SYNTH-082-S01,XRD,Crystallite Size,20.35,nm,Scherrer Equation,D = (K * lambda) / (beta * cos(theta))
P7-SYNTH-082,P7-SYNTH-082-S01,UV_VIS,Optical Band Gap,1.479,eV,Tauc Plot Linear Extrapolation,(alpha * h * nu)^(1/n) vs h * nu
P7-SYNTH-082,P7-SYNTH-082-S01,ELECTRICAL,Electrical Resistance,100343.23,Ohm,Ohm's Law Linear Regression,V = I * R
P7-SYNTH-082,P7-SYNTH-082-S01,ELECTRICAL,Electrical Resistivity,2.4886,Ohm*cm,Geometric Resistance Formula,rho = R * A / L
P7-SYNTH-082,P7-SYNTH-082-S01,ELECTRICAL,Electrical Conductivity,0.40183,S/cm,Reciprocal Resistivity,sigma = 1 / rho
P7-SYNTH-083,P7-SYNTH-083-S01,XRD,Crystallite Size,18.8,nm,Scherrer Equation,D = (K * lambda) / (beta * cos(theta))
P7-SYNTH-083,P7-SYNTH-083-S01,UV_VIS,Optical Band Gap,1.529,eV,Tauc Plot Linear Extrapolation,(alpha * h * nu)^(1/n) vs h * nu
P7-SYNTH-083,P7-SYNTH-083-S01,ELECTRICAL,Electrical Resistance,90887.4,Ohm,Ohm's Law Linear Regression,V = I * R
P7-SYNTH-083,P7-SYNTH-083-S01,ELECTRICAL,Electrical Resistivity,2.2064,Ohm*cm,Geometric Resistance Formula,rho = R * A / L
P7-SYNTH-083,P7-SYNTH-083-S01,ELECTRICAL,Electrical Conductivity,0.45322,S/cm,Reciprocal Resistivity,sigma = 1 / rho
P7-SYNTH-084,P7-SYNTH-084-S01,XRD,Crystallite Size,17.95,nm,Scherrer Equation,D = (K * lambda) / (beta * cos(theta))
P7-SYNTH-084,P7-SYNTH-084-S01,ELECTRICAL,Electrical Resistance,495282.83,Ohm,Ohm's Law Linear Regression,V = I * R
P7-SYNTH-084,P7-SYNTH-084-S01,ELECTRICAL,Electrical Resistivity,5.4835,Ohm*cm,Geometric Resistance Formula,rho = R * A / L
P7-SYNTH-084,P7-SYNTH-084-S01,ELECTRICAL,Electrical Conductivity,0.18236,S/cm,Reciprocal Resistivity,sigma = 1 / rho
P7-SYNTH-085,P7-SYNTH-085-S01,XRD,Crystallite Size,21.53,nm,Scherrer Equation,D = (K * lambda) / (beta * cos(theta))
P7-SYNTH-085,P7-SYNTH-085-S01,UV_VIS,Optical Band Gap,1.472,eV,Tauc Plot Linear Extrapolation,(alpha * h * nu)^(1/n) vs h * nu
P7-SYNTH-085,P7-SYNTH-085-S01,ELECTRICAL,Electrical Resistance,39870.67,Ohm,Ohm's Law Linear Regression,V = I * R
P7-SYNTH-085,P7-SYNTH-085-S01,ELECTRICAL,Electrical Resistivity,1.6516,Ohm*cm,Geometric Resistance Formula,rho = R * A / L
P7-SYNTH-085,P7-SYNTH-085-S01,ELECTRICAL,Electrical Conductivity,0.60546,S/cm,Reciprocal Resistivity,sigma = 1 / rho
P7-SYNTH-086,P7-SYNTH-086-S01,XRD,Crystallite Size,20.87,nm,Scherrer Equation,D = (K * lambda) / (beta * cos(theta))
P7-SYNTH-086,P7-SYNTH-086-S01,UV_VIS,Optical Band Gap,1.477,eV,Tauc Plot Linear Extrapolation,(alpha * h * nu)^(1/n) vs h * nu
P7-SYNTH-086,P7-SYNTH-086-S01,ELECTRICAL,Electrical Resistance,70556.13,Ohm,Ohm's Law Linear Regression,V = I * R
P7-SYNTH-086,P7-SYNTH-086-S01,ELECTRICAL,Electrical Resistivity,2.0804,Ohm*cm,Geometric Resistance Formula,rho = R * A / L
P7-SYNTH-086,P7-SYNTH-086-S01,ELECTRICAL,Electrical Conductivity,0.48067,S/cm,Reciprocal Resistivity,sigma = 1 / rho
P7-SYNTH-087,P7-SYNTH-087-S01,XRD,Crystallite Size,21.28,nm,Scherrer Equation,D = (K * lambda) / (beta * cos(theta))
P7-SYNTH-087,P7-SYNTH-087-S01,UV_VIS,Optical Band Gap,1.469,eV,Tauc Plot Linear Extrapolation,(alpha * h * nu)^(1/n) vs h * nu
P7-SYNTH-087,P7-SYNTH-087-S01,ELECTRICAL,Electrical Resistance,36414.06,Ohm,Ohm's Law Linear Regression,V = I * R
P7-SYNTH-087,P7-SYNTH-087-S01,ELECTRICAL,Electrical Resistivity,1.5735,Ohm*cm,Geometric Resistance Formula,rho = R * A / L
P7-SYNTH-087,P7-SYNTH-087-S01,ELECTRICAL,Electrical Conductivity,0.63553,S/cm,Reciprocal Resistivity,sigma = 1 / rho
P7-SYNTH-088,P7-SYNTH-088-S01,XRD,Crystallite Size,20.08,nm,Scherrer Equation,D = (K * lambda) / (beta * cos(theta))
P7-SYNTH-088,P7-SYNTH-088-S01,UV_VIS,Optical Band Gap,1.461,eV,Tauc Plot Linear Extrapolation,(alpha * h * nu)^(1/n) vs h * nu
P7-SYNTH-088,P7-SYNTH-088-S01,ELECTRICAL,Electrical Resistance,56617.39,Ohm,Ohm's Law Linear Regression,V = I * R
P7-SYNTH-088,P7-SYNTH-088-S01,ELECTRICAL,Electrical Resistivity,1.3348,Ohm*cm,Geometric Resistance Formula,rho = R * A / L
P7-SYNTH-088,P7-SYNTH-088-S01,ELECTRICAL,Electrical Conductivity,0.74918,S/cm,Reciprocal Resistivity,sigma = 1 / rho
P7-SYNTH-089,P7-SYNTH-089-S01,XRD,Crystallite Size,21.85,nm,Scherrer Equation,D = (K * lambda) / (beta * cos(theta))
P7-SYNTH-089,P7-SYNTH-089-S01,UV_VIS,Optical Band Gap,1.472,eV,Tauc Plot Linear Extrapolation,(alpha * h * nu)^(1/n) vs h * nu
P7-SYNTH-089,P7-SYNTH-089-S01,ELECTRICAL,Electrical Resistance,94956.64,Ohm,Ohm's Law Linear Regression,V = I * R
P7-SYNTH-089,P7-SYNTH-089-S01,ELECTRICAL,Electrical Resistivity,2.1017,Ohm*cm,Geometric Resistance Formula,rho = R * A / L
P7-SYNTH-089,P7-SYNTH-089-S01,ELECTRICAL,Electrical Conductivity,0.4758,S/cm,Reciprocal Resistivity,sigma = 1 / rho
P7-SYNTH-090,P7-SYNTH-090-S01,XRD,Crystallite Size,22.24,nm,Scherrer Equation,D = (K * lambda) / (beta * cos(theta))
P7-SYNTH-090,P7-SYNTH-090-S01,UV_VIS,Optical Band Gap,1.452,eV,Tauc Plot Linear Extrapolation,(alpha * h * nu)^(1/n) vs h * nu
P7-SYNTH-090,P7-SYNTH-090-S01,ELECTRICAL,Electrical Resistance,75634.95,Ohm,Ohm's Law Linear Regression,V = I * R
P7-SYNTH-090,P7-SYNTH-090-S01,ELECTRICAL,Electrical Resistivity,1.9496,Ohm*cm,Geometric Resistance Formula,rho = R * A / L
P7-SYNTH-090,P7-SYNTH-090-S01,ELECTRICAL,Electrical Conductivity,0.51293,S/cm,Reciprocal Resistivity,sigma = 1 / rho
P7-SYNTH-091,P7-SYNTH-091-S01,XRD,Crystallite Size,23.88,nm,Scherrer Equation,D = (K * lambda) / (beta * cos(theta))
P7-SYNTH-091,P7-SYNTH-091-S01,UV_VIS,Optical Band Gap,1.447,eV,Tauc Plot Linear Extrapolation,(alpha * h * nu)^(1/n) vs h * nu
P7-SYNTH-091,P7-SYNTH-091-S01,ELECTRICAL,Electrical Resistance,33956.55,Ohm,Ohm's Law Linear Regression,V = I * R
P7-SYNTH-091,P7-SYNTH-091-S01,ELECTRICAL,Electrical Resistivity,1.468,Ohm*cm,Geometric Resistance Formula,rho = R * A / L
P7-SYNTH-091,P7-SYNTH-091-S01,ELECTRICAL,Electrical Conductivity,0.6812,S/cm,Reciprocal Resistivity,sigma = 1 / rho
P7-SYNTH-092,P7-SYNTH-092-S01,XRD,Crystallite Size,24.53,nm,Scherrer Equation,D = (K * lambda) / (beta * cos(theta))
P7-SYNTH-092,P7-SYNTH-092-S01,UV_VIS,Optical Band Gap,1.456,eV,Tauc Plot Linear Extrapolation,(alpha * h * nu)^(1/n) vs h * nu
P7-SYNTH-092,P7-SYNTH-092-S01,ELECTRICAL,Electrical Resistance,24917.51,Ohm,Ohm's Law Linear Regression,V = I * R
P7-SYNTH-092,P7-SYNTH-092-S01,ELECTRICAL,Electrical Resistivity,1.0779,Ohm*cm,Geometric Resistance Formula,rho = R * A / L
P7-SYNTH-092,P7-SYNTH-092-S01,ELECTRICAL,Electrical Conductivity,0.9277,S/cm,Reciprocal Resistivity,sigma = 1 / rho
P7-SYNTH-093,P7-SYNTH-093-S01,XRD,Crystallite Size,25.98,nm,Scherrer Equation,D = (K * lambda) / (beta * cos(theta))
P7-SYNTH-093,P7-SYNTH-093-S01,UV_VIS,Optical Band Gap,1.427,eV,Tauc Plot Linear Extrapolation,(alpha * h * nu)^(1/n) vs h * nu
P7-SYNTH-093,P7-SYNTH-093-S01,ELECTRICAL,Electrical Resistance,28346.08,Ohm,Ohm's Law Linear Regression,V = I * R
P7-SYNTH-093,P7-SYNTH-093-S01,ELECTRICAL,Electrical Resistivity,1.3968,Ohm*cm,Geometric Resistance Formula,rho = R * A / L
P7-SYNTH-093,P7-SYNTH-093-S01,ELECTRICAL,Electrical Conductivity,0.71592,S/cm,Reciprocal Resistivity,sigma = 1 / rho
P7-SYNTH-094,P7-SYNTH-094-S01,XRD,Crystallite Size,22.15,nm,Scherrer Equation,D = (K * lambda) / (beta * cos(theta))
P7-SYNTH-094,P7-SYNTH-094-S01,UV_VIS,Optical Band Gap,1.478,eV,Tauc Plot Linear Extrapolation,(alpha * h * nu)^(1/n) vs h * nu
P7-SYNTH-094,P7-SYNTH-094-S01,ELECTRICAL,Electrical Resistance,328635.02,Ohm,Ohm's Law Linear Regression,V = I * R
P7-SYNTH-094,P7-SYNTH-094-S01,ELECTRICAL,Electrical Resistivity,4.1854,Ohm*cm,Geometric Resistance Formula,rho = R * A / L
P7-SYNTH-094,P7-SYNTH-094-S01,ELECTRICAL,Electrical Conductivity,0.23893,S/cm,Reciprocal Resistivity,sigma = 1 / rho
P7-SYNTH-095,P7-SYNTH-095-S01,XRD,Crystallite Size,25.14,nm,Scherrer Equation,D = (K * lambda) / (beta * cos(theta))
P7-SYNTH-095,P7-SYNTH-095-S01,UV_VIS,Optical Band Gap,1.444,eV,Tauc Plot Linear Extrapolation,(alpha * h * nu)^(1/n) vs h * nu
P7-SYNTH-095,P7-SYNTH-095-S01,ELECTRICAL,Electrical Resistance,30032.96,Ohm,Ohm's Law Linear Regression,V = I * R
P7-SYNTH-095,P7-SYNTH-095-S01,ELECTRICAL,Electrical Resistivity,1.3193,Ohm*cm,Geometric Resistance Formula,rho = R * A / L
P7-SYNTH-095,P7-SYNTH-095-S01,ELECTRICAL,Electrical Conductivity,0.75797,S/cm,Reciprocal Resistivity,sigma = 1 / rho
P7-SYNTH-096,P7-SYNTH-096-S01,XRD,Crystallite Size,24.54,nm,Scherrer Equation,D = (K * lambda) / (beta * cos(theta))
P7-SYNTH-096,P7-SYNTH-096-S01,UV_VIS,Optical Band Gap,1.42,eV,Tauc Plot Linear Extrapolation,(alpha * h * nu)^(1/n) vs h * nu
P7-SYNTH-096,P7-SYNTH-096-S01,ELECTRICAL,Electrical Resistance,46400.04,Ohm,Ohm's Law Linear Regression,V = I * R
P7-SYNTH-096,P7-SYNTH-096-S01,ELECTRICAL,Electrical Resistivity,1.1475,Ohm*cm,Geometric Resistance Formula,rho = R * A / L
P7-SYNTH-096,P7-SYNTH-096-S01,ELECTRICAL,Electrical Conductivity,0.87149,S/cm,Reciprocal Resistivity,sigma = 1 / rho
P7-SYNTH-097,P7-SYNTH-097-S01,XRD,Crystallite Size,24.35,nm,Scherrer Equation,D = (K * lambda) / (beta * cos(theta))
P7-SYNTH-097,P7-SYNTH-097-S01,UV_VIS,Optical Band Gap,1.424,eV,Tauc Plot Linear Extrapolation,(alpha * h * nu)^(1/n) vs h * nu
P7-SYNTH-097,P7-SYNTH-097-S01,ELECTRICAL,Electrical Resistance,238609.11,Ohm,Ohm's Law Linear Regression,V = I * R
P7-SYNTH-097,P7-SYNTH-097-S01,ELECTRICAL,Electrical Resistivity,3.4581,Ohm*cm,Geometric Resistance Formula,rho = R * A / L
P7-SYNTH-097,P7-SYNTH-097-S01,ELECTRICAL,Electrical Conductivity,0.28917,S/cm,Reciprocal Resistivity,sigma = 1 / rho
P7-SYNTH-098,P7-SYNTH-098-S01,XRD,Crystallite Size,27.36,nm,Scherrer Equation,D = (K * lambda) / (beta * cos(theta))
P7-SYNTH-098,P7-SYNTH-098-S01,UV_VIS,Optical Band Gap,1.41,eV,Tauc Plot Linear Extrapolation,(alpha * h * nu)^(1/n) vs h * nu
P7-SYNTH-098,P7-SYNTH-098-S01,ELECTRICAL,Electrical Resistance,37099.45,Ohm,Ohm's Law Linear Regression,V = I * R
P7-SYNTH-098,P7-SYNTH-098-S01,ELECTRICAL,Electrical Resistivity,1.6082,Ohm*cm,Geometric Resistance Formula,rho = R * A / L
P7-SYNTH-098,P7-SYNTH-098-S01,ELECTRICAL,Electrical Conductivity,0.6218,S/cm,Reciprocal Resistivity,sigma = 1 / rho
P7-SYNTH-099,P7-SYNTH-099-S01,XRD,Crystallite Size,25.25,nm,Scherrer Equation,D = (K * lambda) / (beta * cos(theta))
P7-SYNTH-099,P7-SYNTH-099-S01,UV_VIS,Optical Band Gap,1.438,eV,Tauc Plot Linear Extrapolation,(alpha * h * nu)^(1/n) vs h * nu
P7-SYNTH-099,P7-SYNTH-099-S01,ELECTRICAL,Electrical Resistance,80020.98,Ohm,Ohm's Law Linear Regression,V = I * R
P7-SYNTH-099,P7-SYNTH-099-S01,ELECTRICAL,Electrical Resistivity,1.8012,Ohm*cm,Geometric Resistance Formula,rho = R * A / L
P7-SYNTH-099,P7-SYNTH-099-S01,ELECTRICAL,Electrical Conductivity,0.55519,S/cm,Reciprocal Resistivity,sigma = 1 / rho
P7-SYNTH-100,P7-SYNTH-100-S01,XRD,Crystallite Size,27.18,nm,Scherrer Equation,D = (K * lambda) / (beta * cos(theta))
P7-SYNTH-100,P7-SYNTH-100-S01,UV_VIS,Optical Band Gap,1.394,eV,Tauc Plot Linear Extrapolation,(alpha * h * nu)^(1/n) vs h * nu
P7-SYNTH-100,P7-SYNTH-100-S01,ELECTRICAL,Electrical Resistance,28303.83,Ohm,Ohm's Law Linear Regression,V = I * R
P7-SYNTH-100,P7-SYNTH-100-S01,ELECTRICAL,Electrical Resistivity,1.1056,Ohm*cm,Geometric Resistance Formula,rho = R * A / L
P7-SYNTH-100,P7-SYNTH-100-S01,ELECTRICAL,Electrical Conductivity,0.90451,S/cm,Reciprocal Resistivity,sigma = 1 / rho
P7-SYNTH-101,P7-SYNTH-101-S01,XRD,Crystallite Size,25.98,nm,Scherrer Equation,D = (K * lambda) / (beta * cos(theta))
P7-SYNTH-101,P7-SYNTH-101-S01,ELECTRICAL,Electrical Resistance,83886.41,Ohm,Ohm's Law Linear Regression,V = I * R
P7-SYNTH-101,P7-SYNTH-101-S01,ELECTRICAL,Electrical Resistivity,1.9785,Ohm*cm,Geometric Resistance Formula,rho = R * A / L
P7-SYNTH-101,P7-SYNTH-101-S01,ELECTRICAL,Electrical Conductivity,0.50542,S/cm,Reciprocal Resistivity,sigma = 1 / rho
P7-SYNTH-102,P7-SYNTH-102-S01,XRD,Crystallite Size,27.85,nm,Scherrer Equation,D = (K * lambda) / (beta * cos(theta))
P7-SYNTH-102,P7-SYNTH-102-S01,UV_VIS,Optical Band Gap,1.409,eV,Tauc Plot Linear Extrapolation,(alpha * h * nu)^(1/n) vs h * nu
P7-SYNTH-102,P7-SYNTH-102-S01,ELECTRICAL,Electrical Resistance,119221.95,Ohm,Ohm's Law Linear Regression,V = I * R
P7-SYNTH-102,P7-SYNTH-102-S01,ELECTRICAL,Electrical Resistivity,2.455,Ohm*cm,Geometric Resistance Formula,rho = R * A / L
P7-SYNTH-102,P7-SYNTH-102-S01,ELECTRICAL,Electrical Conductivity,0.40733,S/cm,Reciprocal Resistivity,sigma = 1 / rho
P7-SYNTH-103,P7-SYNTH-103-S01,XRD,Crystallite Size,25.41,nm,Scherrer Equation,D = (K * lambda) / (beta * cos(theta))
P7-SYNTH-103,P7-SYNTH-103-S01,UV_VIS,Optical Band Gap,1.422,eV,Tauc Plot Linear Extrapolation,(alpha * h * nu)^(1/n) vs h * nu
P7-SYNTH-103,P7-SYNTH-103-S01,ELECTRICAL,Electrical Resistance,474203.34,Ohm,Ohm's Law Linear Regression,V = I * R
P7-SYNTH-103,P7-SYNTH-103-S01,ELECTRICAL,Electrical Resistivity,5.837,Ohm*cm,Geometric Resistance Formula,rho = R * A / L
P7-SYNTH-103,P7-SYNTH-103-S01,ELECTRICAL,Electrical Conductivity,0.17132,S/cm,Reciprocal Resistivity,sigma = 1 / rho
P7-SYNTH-104,P7-SYNTH-104-S01,XRD,Crystallite Size,28.02,nm,Scherrer Equation,D = (K * lambda) / (beta * cos(theta))
P7-SYNTH-104,P7-SYNTH-104-S01,ELECTRICAL,Electrical Resistance,56474.9,Ohm,Ohm's Law Linear Regression,V = I * R
P7-SYNTH-104,P7-SYNTH-104-S01,ELECTRICAL,Electrical Resistivity,1.5909,Ohm*cm,Geometric Resistance Formula,rho = R * A / L
P7-SYNTH-104,P7-SYNTH-104-S01,ELECTRICAL,Electrical Conductivity,0.62859,S/cm,Reciprocal Resistivity,sigma = 1 / rho
P7-SYNTH-105,P7-SYNTH-105-S01,XRD,Crystallite Size,30.24,nm,Scherrer Equation,D = (K * lambda) / (beta * cos(theta))
P7-SYNTH-105,P7-SYNTH-105-S01,UV_VIS,Optical Band Gap,1.39,eV,Tauc Plot Linear Extrapolation,(alpha * h * nu)^(1/n) vs h * nu
P7-SYNTH-105,P7-SYNTH-105-S01,ELECTRICAL,Electrical Resistance,42721.63,Ohm,Ohm's Law Linear Regression,V = I * R
P7-SYNTH-105,P7-SYNTH-105-S01,ELECTRICAL,Electrical Resistivity,1.8508,Ohm*cm,Geometric Resistance Formula,rho = R * A / L
P7-SYNTH-105,P7-SYNTH-105-S01,ELECTRICAL,Electrical Conductivity,0.54031,S/cm,Reciprocal Resistivity,sigma = 1 / rho
P7-SYNTH-106,P7-SYNTH-106-S01,XRD,Crystallite Size,26.02,nm,Scherrer Equation,D = (K * lambda) / (beta * cos(theta))
P7-SYNTH-106,P7-SYNTH-106-S01,UV_VIS,Optical Band Gap,1.39,eV,Tauc Plot Linear Extrapolation,(alpha * h * nu)^(1/n) vs h * nu
P7-SYNTH-106,P7-SYNTH-106-S01,ELECTRICAL,Electrical Resistance,86742.36,Ohm,Ohm's Law Linear Regression,V = I * R
P7-SYNTH-106,P7-SYNTH-106-S01,ELECTRICAL,Electrical Resistivity,2.283,Ohm*cm,Geometric Resistance Formula,rho = R * A / L
P7-SYNTH-106,P7-SYNTH-106-S01,ELECTRICAL,Electrical Conductivity,0.43801,S/cm,Reciprocal Resistivity,sigma = 1 / rho
P7-SYNTH-107,P7-SYNTH-107-S01,XRD,Crystallite Size,29.87,nm,Scherrer Equation,D = (K * lambda) / (beta * cos(theta))
P7-SYNTH-107,P7-SYNTH-107-S01,ELECTRICAL,Electrical Resistance,48103.83,Ohm,Ohm's Law Linear Regression,V = I * R
P7-SYNTH-107,P7-SYNTH-107-S01,ELECTRICAL,Electrical Resistivity,2.227,Ohm*cm,Geometric Resistance Formula,rho = R * A / L
P7-SYNTH-107,P7-SYNTH-107-S01,ELECTRICAL,Electrical Conductivity,0.44903,S/cm,Reciprocal Resistivity,sigma = 1 / rho
P7-SYNTH-108,P7-SYNTH-108-S01,XRD,Crystallite Size,31.07,nm,Scherrer Equation,D = (K * lambda) / (beta * cos(theta))
P7-SYNTH-108,P7-SYNTH-108-S01,UV_VIS,Optical Band Gap,1.397,eV,Tauc Plot Linear Extrapolation,(alpha * h * nu)^(1/n) vs h * nu
P7-SYNTH-108,P7-SYNTH-108-S01,ELECTRICAL,Electrical Resistance,42254.43,Ohm,Ohm's Law Linear Regression,V = I * R
P7-SYNTH-108,P7-SYNTH-108-S01,ELECTRICAL,Electrical Resistivity,1.9145,Ohm*cm,Geometric Resistance Formula,rho = R * A / L
P7-SYNTH-108,P7-SYNTH-108-S01,ELECTRICAL,Electrical Conductivity,0.52233,S/cm,Reciprocal Resistivity,sigma = 1 / rho
P7-SYNTH-109,P7-SYNTH-109-S01,XRD,Crystallite Size,28.64,nm,Scherrer Equation,D = (K * lambda) / (beta * cos(theta))
P7-SYNTH-109,P7-SYNTH-109-S01,ELECTRICAL,Electrical Resistance,118494.82,Ohm,Ohm's Law Linear Regression,V = I * R
P7-SYNTH-109,P7-SYNTH-109-S01,ELECTRICAL,Electrical Resistivity,2.8647,Ohm*cm,Geometric Resistance Formula,rho = R * A / L
P7-SYNTH-109,P7-SYNTH-109-S01,ELECTRICAL,Electrical Conductivity,0.34908,S/cm,Reciprocal Resistivity,sigma = 1 / rho
P7-SYNTH-110,P7-SYNTH-110-S01,ELECTRICAL,Electrical Resistance,41359.45,Ohm,Ohm's Law Linear Regression,V = I * R
P7-SYNTH-110,P7-SYNTH-110-S01,ELECTRICAL,Electrical Resistivity,2.258,Ohm*cm,Geometric Resistance Formula,rho = R * A / L
P7-SYNTH-110,P7-SYNTH-110-S01,ELECTRICAL,Electrical Conductivity,0.44287,S/cm,Reciprocal Resistivity,sigma = 1 / rho
P7-SYNTH-111,P7-SYNTH-111-S01,XRD,Crystallite Size,27.66,nm,Scherrer Equation,D = (K * lambda) / (beta * cos(theta))
P7-SYNTH-111,P7-SYNTH-111-S01,UV_VIS,Optical Band Gap,1.378,eV,Tauc Plot Linear Extrapolation,(alpha * h * nu)^(1/n) vs h * nu
P7-SYNTH-111,P7-SYNTH-111-S01,ELECTRICAL,Electrical Resistance,999459.34,Ohm,Ohm's Law Linear Regression,V = I * R
P7-SYNTH-111,P7-SYNTH-111-S01,ELECTRICAL,Electrical Resistivity,11.0612,Ohm*cm,Geometric Resistance Formula,rho = R * A / L
P7-SYNTH-111,P7-SYNTH-111-S01,ELECTRICAL,Electrical Conductivity,0.09041,S/cm,Reciprocal Resistivity,sigma = 1 / rho
P7-SYNTH-112,P7-SYNTH-112-S01,ELECTRICAL,Electrical Resistance,88012.05,Ohm,Ohm's Law Linear Regression,V = I * R
P7-SYNTH-112,P7-SYNTH-112-S01,ELECTRICAL,Electrical Resistivity,2.1266,Ohm*cm,Geometric Resistance Formula,rho = R * A / L
P7-SYNTH-112,P7-SYNTH-112-S01,ELECTRICAL,Electrical Conductivity,0.47023,S/cm,Reciprocal Resistivity,sigma = 1 / rho
P7-SYNTH-113,P7-SYNTH-113-S01,XRD,Crystallite Size,26.94,nm,Scherrer Equation,D = (K * lambda) / (beta * cos(theta))
P7-SYNTH-113,P7-SYNTH-113-S01,UV_VIS,Optical Band Gap,1.401,eV,Tauc Plot Linear Extrapolation,(alpha * h * nu)^(1/n) vs h * nu
P7-SYNTH-113,P7-SYNTH-113-S01,ELECTRICAL,Electrical Resistance,724802.89,Ohm,Ohm's Law Linear Regression,V = I * R
P7-SYNTH-113,P7-SYNTH-113-S01,ELECTRICAL,Electrical Resistivity,8.9984,Ohm*cm,Geometric Resistance Formula,rho = R * A / L
P7-SYNTH-113,P7-SYNTH-113-S01,ELECTRICAL,Electrical Conductivity,0.11113,S/cm,Reciprocal Resistivity,sigma = 1 / rho
P7-SYNTH-114,P7-SYNTH-114-S01,XRD,Crystallite Size,31.39,nm,Scherrer Equation,D = (K * lambda) / (beta * cos(theta))
P7-SYNTH-115,P7-SYNTH-115-S01,XRD,Crystallite Size,27.55,nm,Scherrer Equation,D = (K * lambda) / (beta * cos(theta))
P7-SYNTH-115,P7-SYNTH-115-S01,UV_VIS,Optical Band Gap,1.418,eV,Tauc Plot Linear Extrapolation,(alpha * h * nu)^(1/n) vs h * nu
P7-SYNTH-115,P7-SYNTH-115-S01,ELECTRICAL,Electrical Resistance,933250.18,Ohm,Ohm's Law Linear Regression,V = I * R
P7-SYNTH-115,P7-SYNTH-115-S01,ELECTRICAL,Electrical Resistivity,11.1337,Ohm*cm,Geometric Resistance Formula,rho = R * A / L
P7-SYNTH-115,P7-SYNTH-115-S01,ELECTRICAL,Electrical Conductivity,0.08982,S/cm,Reciprocal Resistivity,sigma = 1 / rho
P7-SYNTH-116,P7-SYNTH-116-S01,XRD,Crystallite Size,27.89,nm,Scherrer Equation,D = (K * lambda) / (beta * cos(theta))
P7-SYNTH-116,P7-SYNTH-116-S01,UV_VIS,Optical Band Gap,1.373,eV,Tauc Plot Linear Extrapolation,(alpha * h * nu)^(1/n) vs h * nu
P7-SYNTH-116,P7-SYNTH-116-S01,ELECTRICAL,Electrical Resistance,484105.3,Ohm,Ohm's Law Linear Regression,V = I * R
P7-SYNTH-116,P7-SYNTH-116-S01,ELECTRICAL,Electrical Resistivity,6.5566,Ohm*cm,Geometric Resistance Formula,rho = R * A / L
P7-SYNTH-116,P7-SYNTH-116-S01,ELECTRICAL,Electrical Conductivity,0.15252,S/cm,Reciprocal Resistivity,sigma = 1 / rho
P7-SYNTH-117,P7-SYNTH-117-S01,XRD,Crystallite Size,30.1,nm,Scherrer Equation,D = (K * lambda) / (beta * cos(theta))
P7-SYNTH-117,P7-SYNTH-117-S01,UV_VIS,Optical Band Gap,1.369,eV,Tauc Plot Linear Extrapolation,(alpha * h * nu)^(1/n) vs h * nu
P7-SYNTH-117,P7-SYNTH-117-S01,ELECTRICAL,Electrical Resistance,194705.77,Ohm,Ohm's Law Linear Regression,V = I * R
P7-SYNTH-117,P7-SYNTH-117-S01,ELECTRICAL,Electrical Resistivity,5.2327,Ohm*cm,Geometric Resistance Formula,rho = R * A / L
P7-SYNTH-117,P7-SYNTH-117-S01,ELECTRICAL,Electrical Conductivity,0.1911,S/cm,Reciprocal Resistivity,sigma = 1 / rho
P7-SYNTH-118,P7-SYNTH-118-S01,XRD,Crystallite Size,29.38,nm,Scherrer Equation,D = (K * lambda) / (beta * cos(theta))
P7-SYNTH-118,P7-SYNTH-118-S01,UV_VIS,Optical Band Gap,1.366,eV,Tauc Plot Linear Extrapolation,(alpha * h * nu)^(1/n) vs h * nu
P7-SYNTH-118,P7-SYNTH-118-S01,ELECTRICAL,Electrical Resistance,192022.09,Ohm,Ohm's Law Linear Regression,V = I * R
P7-SYNTH-118,P7-SYNTH-118-S01,ELECTRICAL,Electrical Resistivity,5.2002,Ohm*cm,Geometric Resistance Formula,rho = R * A / L
P7-SYNTH-118,P7-SYNTH-118-S01,ELECTRICAL,Electrical Conductivity,0.1923,S/cm,Reciprocal Resistivity,sigma = 1 / rho
P7-SYNTH-119,P7-SYNTH-119-S01,XRD,Crystallite Size,29.63,nm,Scherrer Equation,D = (K * lambda) / (beta * cos(theta))
P7-SYNTH-119,P7-SYNTH-119-S01,UV_VIS,Optical Band Gap,1.372,eV,Tauc Plot Linear Extrapolation,(alpha * h * nu)^(1/n) vs h * nu
P7-SYNTH-119,P7-SYNTH-119-S01,ELECTRICAL,Electrical Resistance,242716.49,Ohm,Ohm's Law Linear Regression,V = I * R
P7-SYNTH-119,P7-SYNTH-119-S01,ELECTRICAL,Electrical Resistivity,6.6384,Ohm*cm,Geometric Resistance Formula,rho = R * A / L
P7-SYNTH-119,P7-SYNTH-119-S01,ELECTRICAL,Electrical Conductivity,0.15064,S/cm,Reciprocal Resistivity,sigma = 1 / rho
P7-SYNTH-120,P7-SYNTH-120-S01,XRD,Crystallite Size,31.73,nm,Scherrer Equation,D = (K * lambda) / (beta * cos(theta))
P7-SYNTH-120,P7-SYNTH-120-S01,ELECTRICAL,Electrical Resistance,90344.33,Ohm,Ohm's Law Linear Regression,V = I * R
P7-SYNTH-120,P7-SYNTH-120-S01,ELECTRICAL,Electrical Resistivity,4.1868,Ohm*cm,Geometric Resistance Formula,rho = R * A / L
P7-SYNTH-120,P7-SYNTH-120-S01,ELECTRICAL,Electrical Conductivity,0.23885,S/cm,Reciprocal Resistivity,sigma = 1 / rho
P7-SYNTH-121,P7-SYNTH-121-S01,XRD,Crystallite Size,27.97,nm,Scherrer Equation,D = (K * lambda) / (beta * cos(theta))
P7-SYNTH-121,P7-SYNTH-121-S01,UV_VIS,Optical Band Gap,1.44,eV,Tauc Plot Linear Extrapolation,(alpha * h * nu)^(1/n) vs h * nu
P7-SYNTH-121,P7-SYNTH-121-S01,ELECTRICAL,Electrical Resistance,206136.8,Ohm,Ohm's Law Linear Regression,V = I * R
P7-SYNTH-121,P7-SYNTH-121-S01,ELECTRICAL,Electrical Resistivity,4.9131,Ohm*cm,Geometric Resistance Formula,rho = R * A / L
P7-SYNTH-121,P7-SYNTH-121-S01,ELECTRICAL,Electrical Conductivity,0.20354,S/cm,Reciprocal Resistivity,sigma = 1 / rho
P7-SYNTH-122,P7-SYNTH-122-S01,XRD,Crystallite Size,24.39,nm,Scherrer Equation,D = (K * lambda) / (beta * cos(theta))
P7-SYNTH-122,P7-SYNTH-122-S01,UV_VIS,Optical Band Gap,1.415,eV,Tauc Plot Linear Extrapolation,(alpha * h * nu)^(1/n) vs h * nu
P7-SYNTH-122,P7-SYNTH-122-S01,ELECTRICAL,Electrical Resistance,124739.8,Ohm,Ohm's Law Linear Regression,V = I * R
P7-SYNTH-122,P7-SYNTH-122-S01,ELECTRICAL,Electrical Resistivity,3.6429,Ohm*cm,Geometric Resistance Formula,rho = R * A / L
P7-SYNTH-122,P7-SYNTH-122-S01,ELECTRICAL,Electrical Conductivity,0.27451,S/cm,Reciprocal Resistivity,sigma = 1 / rho
P7-SYNTH-123,P7-SYNTH-123-S01,XRD,Crystallite Size,25.67,nm,Scherrer Equation,D = (K * lambda) / (beta * cos(theta))
P7-SYNTH-123,P7-SYNTH-123-S01,UV_VIS,Optical Band Gap,1.395,eV,Tauc Plot Linear Extrapolation,(alpha * h * nu)^(1/n) vs h * nu
P7-SYNTH-123,P7-SYNTH-123-S01,ELECTRICAL,Electrical Resistance,78061.82,Ohm,Ohm's Law Linear Regression,V = I * R
P7-SYNTH-123,P7-SYNTH-123-S01,ELECTRICAL,Electrical Resistivity,2.2213,Ohm*cm,Geometric Resistance Formula,rho = R * A / L
P7-SYNTH-123,P7-SYNTH-123-S01,ELECTRICAL,Electrical Conductivity,0.45019,S/cm,Reciprocal Resistivity,sigma = 1 / rho
P7-SYNTH-124,P7-SYNTH-124-S01,XRD,Crystallite Size,24.27,nm,Scherrer Equation,D = (K * lambda) / (beta * cos(theta))
P7-SYNTH-124,P7-SYNTH-124-S01,UV_VIS,Optical Band Gap,1.408,eV,Tauc Plot Linear Extrapolation,(alpha * h * nu)^(1/n) vs h * nu
P7-SYNTH-124,P7-SYNTH-124-S01,ELECTRICAL,Electrical Resistance,107834.28,Ohm,Ohm's Law Linear Regression,V = I * R
P7-SYNTH-124,P7-SYNTH-124-S01,ELECTRICAL,Electrical Resistivity,3.584,Ohm*cm,Geometric Resistance Formula,rho = R * A / L
P7-SYNTH-124,P7-SYNTH-124-S01,ELECTRICAL,Electrical Conductivity,0.27902,S/cm,Reciprocal Resistivity,sigma = 1 / rho
P7-SYNTH-125,P7-SYNTH-125-S01,XRD,Crystallite Size,24.16,nm,Scherrer Equation,D = (K * lambda) / (beta * cos(theta))
P7-SYNTH-125,P7-SYNTH-125-S01,UV_VIS,Optical Band Gap,1.446,eV,Tauc Plot Linear Extrapolation,(alpha * h * nu)^(1/n) vs h * nu
P7-SYNTH-125,P7-SYNTH-125-S01,ELECTRICAL,Electrical Resistance,81189.95,Ohm,Ohm's Law Linear Regression,V = I * R
P7-SYNTH-125,P7-SYNTH-125-S01,ELECTRICAL,Electrical Resistivity,2.4949,Ohm*cm,Geometric Resistance Formula,rho = R * A / L
P7-SYNTH-125,P7-SYNTH-125-S01,ELECTRICAL,Electrical Conductivity,0.40082,S/cm,Reciprocal Resistivity,sigma = 1 / rho
P7-SYNTH-126,P7-SYNTH-126-S01,XRD,Crystallite Size,24.46,nm,Scherrer Equation,D = (K * lambda) / (beta * cos(theta))
P7-SYNTH-126,P7-SYNTH-126-S01,UV_VIS,Optical Band Gap,1.416,eV,Tauc Plot Linear Extrapolation,(alpha * h * nu)^(1/n) vs h * nu
P7-SYNTH-126,P7-SYNTH-126-S01,ELECTRICAL,Electrical Resistance,61310.12,Ohm,Ohm's Law Linear Regression,V = I * R
P7-SYNTH-126,P7-SYNTH-126-S01,ELECTRICAL,Electrical Resistivity,1.778,Ohm*cm,Geometric Resistance Formula,rho = R * A / L
P7-SYNTH-126,P7-SYNTH-126-S01,ELECTRICAL,Electrical Conductivity,0.56242,S/cm,Reciprocal Resistivity,sigma = 1 / rho
P7-SYNTH-127,P7-SYNTH-127-S01,XRD,Crystallite Size,26.21,nm,Scherrer Equation,D = (K * lambda) / (beta * cos(theta))
P7-SYNTH-127,P7-SYNTH-127-S01,UV_VIS,Optical Band Gap,1.453,eV,Tauc Plot Linear Extrapolation,(alpha * h * nu)^(1/n) vs h * nu
P7-SYNTH-127,P7-SYNTH-127-S01,ELECTRICAL,Electrical Resistance,101582.74,Ohm,Ohm's Law Linear Regression,V = I * R
P7-SYNTH-127,P7-SYNTH-127-S01,ELECTRICAL,Electrical Resistivity,2.5392,Ohm*cm,Geometric Resistance Formula,rho = R * A / L
P7-SYNTH-127,P7-SYNTH-127-S01,ELECTRICAL,Electrical Conductivity,0.39382,S/cm,Reciprocal Resistivity,sigma = 1 / rho
P7-SYNTH-128,P7-SYNTH-128-S01,XRD,Crystallite Size,25.01,nm,Scherrer Equation,D = (K * lambda) / (beta * cos(theta))
P7-SYNTH-128,P7-SYNTH-128-S01,UV_VIS,Optical Band Gap,1.434,eV,Tauc Plot Linear Extrapolation,(alpha * h * nu)^(1/n) vs h * nu
P7-SYNTH-128,P7-SYNTH-128-S01,ELECTRICAL,Electrical Resistance,93552.06,Ohm,Ohm's Law Linear Regression,V = I * R
P7-SYNTH-128,P7-SYNTH-128-S01,ELECTRICAL,Electrical Resistivity,2.5093,Ohm*cm,Geometric Resistance Formula,rho = R * A / L
P7-SYNTH-128,P7-SYNTH-128-S01,ELECTRICAL,Electrical Conductivity,0.39852,S/cm,Reciprocal Resistivity,sigma = 1 / rho
P7-SYNTH-129,P7-SYNTH-129-S01,XRD,Crystallite Size,23.97,nm,Scherrer Equation,D = (K * lambda) / (beta * cos(theta))
P7-SYNTH-129,P7-SYNTH-129-S01,UV_VIS,Optical Band Gap,1.43,eV,Tauc Plot Linear Extrapolation,(alpha * h * nu)^(1/n) vs h * nu
P7-SYNTH-129,P7-SYNTH-129-S01,ELECTRICAL,Electrical Resistance,69619.67,Ohm,Ohm's Law Linear Regression,V = I * R
P7-SYNTH-129,P7-SYNTH-129-S01,ELECTRICAL,Electrical Resistivity,1.7933,Ohm*cm,Geometric Resistance Formula,rho = R * A / L
P7-SYNTH-129,P7-SYNTH-129-S01,ELECTRICAL,Electrical Conductivity,0.55763,S/cm,Reciprocal Resistivity,sigma = 1 / rho
P7-SYNTH-130,P7-SYNTH-130-S01,XRD,Crystallite Size,25.14,nm,Scherrer Equation,D = (K * lambda) / (beta * cos(theta))
P7-SYNTH-130,P7-SYNTH-130-S01,UV_VIS,Optical Band Gap,1.427,eV,Tauc Plot Linear Extrapolation,(alpha * h * nu)^(1/n) vs h * nu
P7-SYNTH-130,P7-SYNTH-130-S01,ELECTRICAL,Electrical Resistance,93685.43,Ohm,Ohm's Law Linear Regression,V = I * R
P7-SYNTH-130,P7-SYNTH-130-S01,ELECTRICAL,Electrical Resistivity,2.4212,Ohm*cm,Geometric Resistance Formula,rho = R * A / L
P7-SYNTH-130,P7-SYNTH-130-S01,ELECTRICAL,Electrical Conductivity,0.41302,S/cm,Reciprocal Resistivity,sigma = 1 / rho
P7-SYNTH-131,P7-SYNTH-131-S01,XRD,Crystallite Size,26.35,nm,Scherrer Equation,D = (K * lambda) / (beta * cos(theta))
P7-SYNTH-131,P7-SYNTH-131-S01,UV_VIS,Optical Band Gap,1.432,eV,Tauc Plot Linear Extrapolation,(alpha * h * nu)^(1/n) vs h * nu
P7-SYNTH-131,P7-SYNTH-131-S01,ELECTRICAL,Electrical Resistance,80849.5,Ohm,Ohm's Law Linear Regression,V = I * R
P7-SYNTH-131,P7-SYNTH-131-S01,ELECTRICAL,Electrical Resistivity,2.1876,Ohm*cm,Geometric Resistance Formula,rho = R * A / L
P7-SYNTH-131,P7-SYNTH-131-S01,ELECTRICAL,Electrical Conductivity,0.45713,S/cm,Reciprocal Resistivity,sigma = 1 / rho
P7-SYNTH-132,P7-SYNTH-132-S01,XRD,Crystallite Size,25.55,nm,Scherrer Equation,D = (K * lambda) / (beta * cos(theta))
P7-SYNTH-132,P7-SYNTH-132-S01,UV_VIS,Optical Band Gap,1.419,eV,Tauc Plot Linear Extrapolation,(alpha * h * nu)^(1/n) vs h * nu
P7-SYNTH-132,P7-SYNTH-132-S01,ELECTRICAL,Electrical Resistance,51753.1,Ohm,Ohm's Law Linear Regression,V = I * R
P7-SYNTH-132,P7-SYNTH-132-S01,ELECTRICAL,Electrical Resistivity,1.4435,Ohm*cm,Geometric Resistance Formula,rho = R * A / L
P7-SYNTH-132,P7-SYNTH-132-S01,ELECTRICAL,Electrical Conductivity,0.69275,S/cm,Reciprocal Resistivity,sigma = 1 / rho
P7-SYNTH-133,P7-SYNTH-133-S01,ELECTRICAL,Electrical Resistance,62037.92,Ohm,Ohm's Law Linear Regression,V = I * R
P7-SYNTH-133,P7-SYNTH-133-S01,ELECTRICAL,Electrical Resistivity,2.0626,Ohm*cm,Geometric Resistance Formula,rho = R * A / L
P7-SYNTH-133,P7-SYNTH-133-S01,ELECTRICAL,Electrical Conductivity,0.48482,S/cm,Reciprocal Resistivity,sigma = 1 / rho
P7-SYNTH-134,P7-SYNTH-134-S01,XRD,Crystallite Size,25.45,nm,Scherrer Equation,D = (K * lambda) / (beta * cos(theta))
P7-SYNTH-134,P7-SYNTH-134-S01,UV_VIS,Optical Band Gap,1.408,eV,Tauc Plot Linear Extrapolation,(alpha * h * nu)^(1/n) vs h * nu
P7-SYNTH-134,P7-SYNTH-134-S01,ELECTRICAL,Electrical Resistance,60864.77,Ohm,Ohm's Law Linear Regression,V = I * R
P7-SYNTH-134,P7-SYNTH-134-S01,ELECTRICAL,Electrical Resistivity,1.7384,Ohm*cm,Geometric Resistance Formula,rho = R * A / L
P7-SYNTH-134,P7-SYNTH-134-S01,ELECTRICAL,Electrical Conductivity,0.57525,S/cm,Reciprocal Resistivity,sigma = 1 / rho
P7-SYNTH-135,P7-SYNTH-135-S01,XRD,Crystallite Size,24.47,nm,Scherrer Equation,D = (K * lambda) / (beta * cos(theta))
P7-SYNTH-135,P7-SYNTH-135-S01,UV_VIS,Optical Band Gap,1.426,eV,Tauc Plot Linear Extrapolation,(alpha * h * nu)^(1/n) vs h * nu
P7-SYNTH-135,P7-SYNTH-135-S01,ELECTRICAL,Electrical Resistance,42428.06,Ohm,Ohm's Law Linear Regression,V = I * R
P7-SYNTH-135,P7-SYNTH-135-S01,ELECTRICAL,Electrical Resistivity,1.1821,Ohm*cm,Geometric Resistance Formula,rho = R * A / L
P7-SYNTH-135,P7-SYNTH-135-S01,ELECTRICAL,Electrical Conductivity,0.84596,S/cm,Reciprocal Resistivity,sigma = 1 / rho
P7-SYNTH-136,P7-SYNTH-136-S01,XRD,Crystallite Size,24.39,nm,Scherrer Equation,D = (K * lambda) / (beta * cos(theta))
P7-SYNTH-136,P7-SYNTH-136-S01,UV_VIS,Optical Band Gap,1.434,eV,Tauc Plot Linear Extrapolation,(alpha * h * nu)^(1/n) vs h * nu
P7-SYNTH-136,P7-SYNTH-136-S01,ELECTRICAL,Electrical Resistance,65968.35,Ohm,Ohm's Law Linear Regression,V = I * R
P7-SYNTH-136,P7-SYNTH-136-S01,ELECTRICAL,Electrical Resistivity,1.7956,Ohm*cm,Geometric Resistance Formula,rho = R * A / L
P7-SYNTH-136,P7-SYNTH-136-S01,ELECTRICAL,Electrical Conductivity,0.55693,S/cm,Reciprocal Resistivity,sigma = 1 / rho
P7-SYNTH-137,P7-SYNTH-137-S01,XRD,Crystallite Size,24.88,nm,Scherrer Equation,D = (K * lambda) / (beta * cos(theta))
P7-SYNTH-137,P7-SYNTH-137-S01,UV_VIS,Optical Band Gap,1.412,eV,Tauc Plot Linear Extrapolation,(alpha * h * nu)^(1/n) vs h * nu
P7-SYNTH-137,P7-SYNTH-137-S01,ELECTRICAL,Electrical Resistance,62983.93,Ohm,Ohm's Law Linear Regression,V = I * R
P7-SYNTH-137,P7-SYNTH-137-S01,ELECTRICAL,Electrical Resistivity,1.7537,Ohm*cm,Geometric Resistance Formula,rho = R * A / L
P7-SYNTH-137,P7-SYNTH-137-S01,ELECTRICAL,Electrical Conductivity,0.57021,S/cm,Reciprocal Resistivity,sigma = 1 / rho
P7-SYNTH-138,P7-SYNTH-138-S01,XRD,Crystallite Size,24.92,nm,Scherrer Equation,D = (K * lambda) / (beta * cos(theta))
P7-SYNTH-138,P7-SYNTH-138-S01,UV_VIS,Optical Band Gap,1.423,eV,Tauc Plot Linear Extrapolation,(alpha * h * nu)^(1/n) vs h * nu
P7-SYNTH-138,P7-SYNTH-138-S01,ELECTRICAL,Electrical Resistance,46062.56,Ohm,Ohm's Law Linear Regression,V = I * R
P7-SYNTH-138,P7-SYNTH-138-S01,ELECTRICAL,Electrical Resistivity,1.3259,Ohm*cm,Geometric Resistance Formula,rho = R * A / L
P7-SYNTH-138,P7-SYNTH-138-S01,ELECTRICAL,Electrical Conductivity,0.75423,S/cm,Reciprocal Resistivity,sigma = 1 / rho
P7-SYNTH-139,P7-SYNTH-139-S01,XRD,Crystallite Size,24.58,nm,Scherrer Equation,D = (K * lambda) / (beta * cos(theta))
P7-SYNTH-139,P7-SYNTH-139-S01,UV_VIS,Optical Band Gap,1.444,eV,Tauc Plot Linear Extrapolation,(alpha * h * nu)^(1/n) vs h * nu
P7-SYNTH-139,P7-SYNTH-139-S01,ELECTRICAL,Electrical Resistance,60969.61,Ohm,Ohm's Law Linear Regression,V = I * R
P7-SYNTH-139,P7-SYNTH-139-S01,ELECTRICAL,Electrical Resistivity,1.701,Ohm*cm,Geometric Resistance Formula,rho = R * A / L
P7-SYNTH-139,P7-SYNTH-139-S01,ELECTRICAL,Electrical Conductivity,0.58789,S/cm,Reciprocal Resistivity,sigma = 1 / rho
P7-SYNTH-140,P7-SYNTH-140-S01,XRD,Crystallite Size,23.79,nm,Scherrer Equation,D = (K * lambda) / (beta * cos(theta))
P7-SYNTH-140,P7-SYNTH-140-S01,UV_VIS,Optical Band Gap,1.429,eV,Tauc Plot Linear Extrapolation,(alpha * h * nu)^(1/n) vs h * nu
P7-SYNTH-140,P7-SYNTH-140-S01,ELECTRICAL,Electrical Resistance,52755.91,Ohm,Ohm's Law Linear Regression,V = I * R
P7-SYNTH-140,P7-SYNTH-140-S01,ELECTRICAL,Electrical Resistivity,1.4116,Ohm*cm,Geometric Resistance Formula,rho = R * A / L
P7-SYNTH-140,P7-SYNTH-140-S01,ELECTRICAL,Electrical Conductivity,0.70843,S/cm,Reciprocal Resistivity,sigma = 1 / rho
P7-SYNTH-141,P7-SYNTH-141-S01,XRD,Crystallite Size,22.88,nm,Scherrer Equation,D = (K * lambda) / (beta * cos(theta))
P7-SYNTH-141,P7-SYNTH-141-S01,UV_VIS,Optical Band Gap,1.448,eV,Tauc Plot Linear Extrapolation,(alpha * h * nu)^(1/n) vs h * nu
P7-SYNTH-141,P7-SYNTH-141-S01,ELECTRICAL,Electrical Resistance,38263.92,Ohm,Ohm's Law Linear Regression,V = I * R
P7-SYNTH-141,P7-SYNTH-141-S01,ELECTRICAL,Electrical Resistivity,1.198,Ohm*cm,Geometric Resistance Formula,rho = R * A / L
P7-SYNTH-141,P7-SYNTH-141-S01,ELECTRICAL,Electrical Conductivity,0.8347,S/cm,Reciprocal Resistivity,sigma = 1 / rho
P7-SYNTH-142,P7-SYNTH-142-S01,XRD,Crystallite Size,23.41,nm,Scherrer Equation,D = (K * lambda) / (beta * cos(theta))
P7-SYNTH-142,P7-SYNTH-142-S01,UV_VIS,Optical Band Gap,1.442,eV,Tauc Plot Linear Extrapolation,(alpha * h * nu)^(1/n) vs h * nu
P7-SYNTH-142,P7-SYNTH-142-S01,ELECTRICAL,Electrical Resistance,103186.69,Ohm,Ohm's Law Linear Regression,V = I * R
P7-SYNTH-142,P7-SYNTH-142-S01,ELECTRICAL,Electrical Resistivity,2.0602,Ohm*cm,Geometric Resistance Formula,rho = R * A / L
P7-SYNTH-142,P7-SYNTH-142-S01,ELECTRICAL,Electrical Conductivity,0.48538,S/cm,Reciprocal Resistivity,sigma = 1 / rho
P7-SYNTH-143,P7-SYNTH-143-S01,XRD,Crystallite Size,25.17,nm,Scherrer Equation,D = (K * lambda) / (beta * cos(theta))
P7-SYNTH-143,P7-SYNTH-143-S01,UV_VIS,Optical Band Gap,1.45,eV,Tauc Plot Linear Extrapolation,(alpha * h * nu)^(1/n) vs h * nu
P7-SYNTH-143,P7-SYNTH-143-S01,ELECTRICAL,Electrical Resistance,49993.36,Ohm,Ohm's Law Linear Regression,V = I * R
P7-SYNTH-143,P7-SYNTH-143-S01,ELECTRICAL,Electrical Resistivity,1.6699,Ohm*cm,Geometric Resistance Formula,rho = R * A / L
P7-SYNTH-143,P7-SYNTH-143-S01,ELECTRICAL,Electrical Conductivity,0.59885,S/cm,Reciprocal Resistivity,sigma = 1 / rho
P7-SYNTH-144,P7-SYNTH-144-S01,XRD,Crystallite Size,23.89,nm,Scherrer Equation,D = (K * lambda) / (beta * cos(theta))
P7-SYNTH-144,P7-SYNTH-144-S01,UV_VIS,Optical Band Gap,1.45,eV,Tauc Plot Linear Extrapolation,(alpha * h * nu)^(1/n) vs h * nu
P7-SYNTH-144,P7-SYNTH-144-S01,ELECTRICAL,Electrical Resistance,37432.38,Ohm,Ohm's Law Linear Regression,V = I * R
P7-SYNTH-144,P7-SYNTH-144-S01,ELECTRICAL,Electrical Resistivity,1.123,Ohm*cm,Geometric Resistance Formula,rho = R * A / L
P7-SYNTH-144,P7-SYNTH-144-S01,ELECTRICAL,Electrical Conductivity,0.89048,S/cm,Reciprocal Resistivity,sigma = 1 / rho
P7-SYNTH-145,P7-SYNTH-145-S01,XRD,Crystallite Size,20.5,nm,Scherrer Equation,D = (K * lambda) / (beta * cos(theta))
P7-SYNTH-145,P7-SYNTH-145-S01,UV_VIS,Optical Band Gap,1.457,eV,Tauc Plot Linear Extrapolation,(alpha * h * nu)^(1/n) vs h * nu
P7-SYNTH-145,P7-SYNTH-145-S01,ELECTRICAL,Electrical Resistance,57651.65,Ohm,Ohm's Law Linear Regression,V = I * R
P7-SYNTH-145,P7-SYNTH-145-S01,ELECTRICAL,Electrical Resistivity,1.6015,Ohm*cm,Geometric Resistance Formula,rho = R * A / L
P7-SYNTH-145,P7-SYNTH-145-S01,ELECTRICAL,Electrical Conductivity,0.62442,S/cm,Reciprocal Resistivity,sigma = 1 / rho
P7-SYNTH-146,P7-SYNTH-146-S01,ELECTRICAL,Electrical Resistance,47476.85,Ohm,Ohm's Law Linear Regression,V = I * R
P7-SYNTH-146,P7-SYNTH-146-S01,ELECTRICAL,Electrical Resistivity,1.6617,Ohm*cm,Geometric Resistance Formula,rho = R * A / L
P7-SYNTH-146,P7-SYNTH-146-S01,ELECTRICAL,Electrical Conductivity,0.6018,S/cm,Reciprocal Resistivity,sigma = 1 / rho
P7-SYNTH-147,P7-SYNTH-147-S01,XRD,Crystallite Size,20.22,nm,Scherrer Equation,D = (K * lambda) / (beta * cos(theta))
P7-SYNTH-147,P7-SYNTH-147-S01,UV_VIS,Optical Band Gap,1.471,eV,Tauc Plot Linear Extrapolation,(alpha * h * nu)^(1/n) vs h * nu
P7-SYNTH-147,P7-SYNTH-147-S01,ELECTRICAL,Electrical Resistance,41230.05,Ohm,Ohm's Law Linear Regression,V = I * R
P7-SYNTH-147,P7-SYNTH-147-S01,ELECTRICAL,Electrical Resistivity,1.2046,Ohm*cm,Geometric Resistance Formula,rho = R * A / L
P7-SYNTH-147,P7-SYNTH-147-S01,ELECTRICAL,Electrical Conductivity,0.83016,S/cm,Reciprocal Resistivity,sigma = 1 / rho
P7-SYNTH-148,P7-SYNTH-148-S01,XRD,Crystallite Size,23.48,nm,Scherrer Equation,D = (K * lambda) / (beta * cos(theta))
P7-SYNTH-148,P7-SYNTH-148-S01,UV_VIS,Optical Band Gap,1.458,eV,Tauc Plot Linear Extrapolation,(alpha * h * nu)^(1/n) vs h * nu
P7-SYNTH-148,P7-SYNTH-148-S01,ELECTRICAL,Electrical Resistance,59970.18,Ohm,Ohm's Law Linear Regression,V = I * R
P7-SYNTH-148,P7-SYNTH-148-S01,ELECTRICAL,Electrical Resistivity,1.582,Ohm*cm,Geometric Resistance Formula,rho = R * A / L
P7-SYNTH-148,P7-SYNTH-148-S01,ELECTRICAL,Electrical Conductivity,0.63212,S/cm,Reciprocal Resistivity,sigma = 1 / rho
P7-SYNTH-149,P7-SYNTH-149-S01,XRD,Crystallite Size,23.26,nm,Scherrer Equation,D = (K * lambda) / (beta * cos(theta))
P7-SYNTH-149,P7-SYNTH-149-S01,ELECTRICAL,Electrical Resistance,44744.65,Ohm,Ohm's Law Linear Regression,V = I * R
P7-SYNTH-149,P7-SYNTH-149-S01,ELECTRICAL,Electrical Resistivity,1.4819,Ohm*cm,Geometric Resistance Formula,rho = R * A / L
P7-SYNTH-149,P7-SYNTH-149-S01,ELECTRICAL,Electrical Conductivity,0.67483,S/cm,Reciprocal Resistivity,sigma = 1 / rho
P7-SYNTH-150,P7-SYNTH-150-S01,XRD,Crystallite Size,22.71,nm,Scherrer Equation,D = (K * lambda) / (beta * cos(theta))
P7-SYNTH-150,P7-SYNTH-150-S01,UV_VIS,Optical Band Gap,1.453,eV,Tauc Plot Linear Extrapolation,(alpha * h * nu)^(1/n) vs h * nu
P7-SYNTH-150,P7-SYNTH-150-S01,ELECTRICAL,Electrical Resistance,43619.9,Ohm,Ohm's Law Linear Regression,V = I * R
P7-SYNTH-150,P7-SYNTH-150-S01,ELECTRICAL,Electrical Resistivity,1.1737,Ohm*cm,Geometric Resistance Formula,rho = R * A / L
P7-SYNTH-150,P7-SYNTH-150-S01,ELECTRICAL,Electrical Conductivity,0.852,S/cm,Reciprocal Resistivity,sigma = 1 / rho
P7-SYNTH-151,P7-SYNTH-151-S01,XRD,Crystallite Size,21.45,nm,Scherrer Equation,D = (K * lambda) / (beta * cos(theta))
P7-SYNTH-151,P7-SYNTH-151-S01,UV_VIS,Optical Band Gap,1.445,eV,Tauc Plot Linear Extrapolation,(alpha * h * nu)^(1/n) vs h * nu
P7-SYNTH-151,P7-SYNTH-151-S01,ELECTRICAL,Electrical Resistance,64468.81,Ohm,Ohm's Law Linear Regression,V = I * R
P7-SYNTH-151,P7-SYNTH-151-S01,ELECTRICAL,Electrical Resistivity,1.5759,Ohm*cm,Geometric Resistance Formula,rho = R * A / L
P7-SYNTH-151,P7-SYNTH-151-S01,ELECTRICAL,Electrical Conductivity,0.63456,S/cm,Reciprocal Resistivity,sigma = 1 / rho
P7-SYNTH-152,P7-SYNTH-152-S01,XRD,Crystallite Size,20.65,nm,Scherrer Equation,D = (K * lambda) / (beta * cos(theta))
P7-SYNTH-152,P7-SYNTH-152-S01,UV_VIS,Optical Band Gap,1.471,eV,Tauc Plot Linear Extrapolation,(alpha * h * nu)^(1/n) vs h * nu
P7-SYNTH-152,P7-SYNTH-152-S01,ELECTRICAL,Electrical Resistance,63073.31,Ohm,Ohm's Law Linear Regression,V = I * R
P7-SYNTH-152,P7-SYNTH-152-S01,ELECTRICAL,Electrical Resistivity,1.6561,Ohm*cm,Geometric Resistance Formula,rho = R * A / L
P7-SYNTH-152,P7-SYNTH-152-S01,ELECTRICAL,Electrical Conductivity,0.60383,S/cm,Reciprocal Resistivity,sigma = 1 / rho
P7-SYNTH-153,P7-SYNTH-153-S01,XRD,Crystallite Size,21.57,nm,Scherrer Equation,D = (K * lambda) / (beta * cos(theta))
P7-SYNTH-153,P7-SYNTH-153-S01,UV_VIS,Optical Band Gap,1.472,eV,Tauc Plot Linear Extrapolation,(alpha * h * nu)^(1/n) vs h * nu
P7-SYNTH-153,P7-SYNTH-153-S01,ELECTRICAL,Electrical Resistance,42071.24,Ohm,Ohm's Law Linear Regression,V = I * R
P7-SYNTH-153,P7-SYNTH-153-S01,ELECTRICAL,Electrical Resistivity,1.0746,Ohm*cm,Geometric Resistance Formula,rho = R * A / L
P7-SYNTH-153,P7-SYNTH-153-S01,ELECTRICAL,Electrical Conductivity,0.93058,S/cm,Reciprocal Resistivity,sigma = 1 / rho
P7-SYNTH-154,P7-SYNTH-154-S01,XRD,Crystallite Size,22.68,nm,Scherrer Equation,D = (K * lambda) / (beta * cos(theta))
P7-SYNTH-154,P7-SYNTH-154-S01,UV_VIS,Optical Band Gap,1.482,eV,Tauc Plot Linear Extrapolation,(alpha * h * nu)^(1/n) vs h * nu
P7-SYNTH-154,P7-SYNTH-154-S01,ELECTRICAL,Electrical Resistance,69038.26,Ohm,Ohm's Law Linear Regression,V = I * R
P7-SYNTH-154,P7-SYNTH-154-S01,ELECTRICAL,Electrical Resistivity,1.785,Ohm*cm,Geometric Resistance Formula,rho = R * A / L
P7-SYNTH-154,P7-SYNTH-154-S01,ELECTRICAL,Electrical Conductivity,0.56023,S/cm,Reciprocal Resistivity,sigma = 1 / rho
P7-SYNTH-155,P7-SYNTH-155-S01,XRD,Crystallite Size,20.68,nm,Scherrer Equation,D = (K * lambda) / (beta * cos(theta))
P7-SYNTH-155,P7-SYNTH-155-S01,UV_VIS,Optical Band Gap,1.491,eV,Tauc Plot Linear Extrapolation,(alpha * h * nu)^(1/n) vs h * nu
P7-SYNTH-155,P7-SYNTH-155-S01,ELECTRICAL,Electrical Resistance,77875.72,Ohm,Ohm's Law Linear Regression,V = I * R
P7-SYNTH-155,P7-SYNTH-155-S01,ELECTRICAL,Electrical Resistivity,1.768,Ohm*cm,Geometric Resistance Formula,rho = R * A / L
P7-SYNTH-155,P7-SYNTH-155-S01,ELECTRICAL,Electrical Conductivity,0.56562,S/cm,Reciprocal Resistivity,sigma = 1 / rho
P7-SYNTH-156,P7-SYNTH-156-S01,XRD,Crystallite Size,20.82,nm,Scherrer Equation,D = (K * lambda) / (beta * cos(theta))
P7-SYNTH-156,P7-SYNTH-156-S01,UV_VIS,Optical Band Gap,1.487,eV,Tauc Plot Linear Extrapolation,(alpha * h * nu)^(1/n) vs h * nu
P7-SYNTH-156,P7-SYNTH-156-S01,ELECTRICAL,Electrical Resistance,62812.84,Ohm,Ohm's Law Linear Regression,V = I * R
P7-SYNTH-156,P7-SYNTH-156-S01,ELECTRICAL,Electrical Resistivity,1.5311,Ohm*cm,Geometric Resistance Formula,rho = R * A / L
P7-SYNTH-156,P7-SYNTH-156-S01,ELECTRICAL,Electrical Conductivity,0.65312,S/cm,Reciprocal Resistivity,sigma = 1 / rho
P7-SYNTH-157,P7-SYNTH-157-S01,XRD,Crystallite Size,21.83,nm,Scherrer Equation,D = (K * lambda) / (beta * cos(theta))
P7-SYNTH-157,P7-SYNTH-157-S01,UV_VIS,Optical Band Gap,1.5,eV,Tauc Plot Linear Extrapolation,(alpha * h * nu)^(1/n) vs h * nu
P7-SYNTH-157,P7-SYNTH-157-S01,ELECTRICAL,Electrical Resistance,71177.7,Ohm,Ohm's Law Linear Regression,V = I * R
P7-SYNTH-157,P7-SYNTH-157-S01,ELECTRICAL,Electrical Resistivity,1.8893,Ohm*cm,Geometric Resistance Formula,rho = R * A / L
P7-SYNTH-157,P7-SYNTH-157-S01,ELECTRICAL,Electrical Conductivity,0.5293,S/cm,Reciprocal Resistivity,sigma = 1 / rho
P7-SYNTH-158,P7-SYNTH-158-S01,XRD,Crystallite Size,20.47,nm,Scherrer Equation,D = (K * lambda) / (beta * cos(theta))
P7-SYNTH-158,P7-SYNTH-158-S01,UV_VIS,Optical Band Gap,1.488,eV,Tauc Plot Linear Extrapolation,(alpha * h * nu)^(1/n) vs h * nu
P7-SYNTH-158,P7-SYNTH-158-S01,ELECTRICAL,Electrical Resistance,69388.94,Ohm,Ohm's Law Linear Regression,V = I * R
P7-SYNTH-158,P7-SYNTH-158-S01,ELECTRICAL,Electrical Resistivity,1.8487,Ohm*cm,Geometric Resistance Formula,rho = R * A / L
P7-SYNTH-158,P7-SYNTH-158-S01,ELECTRICAL,Electrical Conductivity,0.54091,S/cm,Reciprocal Resistivity,sigma = 1 / rho
P7-SYNTH-159,P7-SYNTH-159-S01,XRD,Crystallite Size,21.02,nm,Scherrer Equation,D = (K * lambda) / (beta * cos(theta))
P7-SYNTH-159,P7-SYNTH-159-S01,UV_VIS,Optical Band Gap,1.493,eV,Tauc Plot Linear Extrapolation,(alpha * h * nu)^(1/n) vs h * nu
P7-SYNTH-159,P7-SYNTH-159-S01,ELECTRICAL,Electrical Resistance,47951.88,Ohm,Ohm's Law Linear Regression,V = I * R
P7-SYNTH-159,P7-SYNTH-159-S01,ELECTRICAL,Electrical Resistivity,1.2747,Ohm*cm,Geometric Resistance Formula,rho = R * A / L
P7-SYNTH-159,P7-SYNTH-159-S01,ELECTRICAL,Electrical Conductivity,0.7845,S/cm,Reciprocal Resistivity,sigma = 1 / rho
P7-SYNTH-160,P7-SYNTH-160-S01,XRD,Crystallite Size,23.13,nm,Scherrer Equation,D = (K * lambda) / (beta * cos(theta))
P7-SYNTH-160,P7-SYNTH-160-S01,UV_VIS,Optical Band Gap,1.458,eV,Tauc Plot Linear Extrapolation,(alpha * h * nu)^(1/n) vs h * nu
P7-SYNTH-160,P7-SYNTH-160-S01,ELECTRICAL,Electrical Resistance,43075.04,Ohm,Ohm's Law Linear Regression,V = I * R
P7-SYNTH-160,P7-SYNTH-160-S01,ELECTRICAL,Electrical Resistivity,1.6273,Ohm*cm,Geometric Resistance Formula,rho = R * A / L
P7-SYNTH-160,P7-SYNTH-160-S01,ELECTRICAL,Electrical Conductivity,0.6145,S/cm,Reciprocal Resistivity,sigma = 1 / rho
P7-SYNTH-161,P7-SYNTH-161-S01,XRD,Crystallite Size,19.8,nm,Scherrer Equation,D = (K * lambda) / (beta * cos(theta))
P7-SYNTH-161,P7-SYNTH-161-S01,UV_VIS,Optical Band Gap,1.496,eV,Tauc Plot Linear Extrapolation,(alpha * h * nu)^(1/n) vs h * nu
P7-SYNTH-161,P7-SYNTH-161-S01,ELECTRICAL,Electrical Resistance,60907.51,Ohm,Ohm's Law Linear Regression,V = I * R
P7-SYNTH-161,P7-SYNTH-161-S01,ELECTRICAL,Electrical Resistivity,1.8955,Ohm*cm,Geometric Resistance Formula,rho = R * A / L
P7-SYNTH-161,P7-SYNTH-161-S01,ELECTRICAL,Electrical Conductivity,0.52758,S/cm,Reciprocal Resistivity,sigma = 1 / rho
P7-SYNTH-162,P7-SYNTH-162-S01,XRD,Crystallite Size,21.8,nm,Scherrer Equation,D = (K * lambda) / (beta * cos(theta))
P7-SYNTH-162,P7-SYNTH-162-S01,UV_VIS,Optical Band Gap,1.435,eV,Tauc Plot Linear Extrapolation,(alpha * h * nu)^(1/n) vs h * nu
P7-SYNTH-162,P7-SYNTH-162-S01,ELECTRICAL,Electrical Resistance,37925.23,Ohm,Ohm's Law Linear Regression,V = I * R
P7-SYNTH-162,P7-SYNTH-162-S01,ELECTRICAL,Electrical Resistivity,1.1637,Ohm*cm,Geometric Resistance Formula,rho = R * A / L
P7-SYNTH-162,P7-SYNTH-162-S01,ELECTRICAL,Electrical Conductivity,0.8593,S/cm,Reciprocal Resistivity,sigma = 1 / rho
P7-SYNTH-163,P7-SYNTH-163-S01,XRD,Crystallite Size,19.45,nm,Scherrer Equation,D = (K * lambda) / (beta * cos(theta))
P7-SYNTH-163,P7-SYNTH-163-S01,UV_VIS,Optical Band Gap,1.476,eV,Tauc Plot Linear Extrapolation,(alpha * h * nu)^(1/n) vs h * nu
P7-SYNTH-163,P7-SYNTH-163-S01,ELECTRICAL,Electrical Resistance,72233.4,Ohm,Ohm's Law Linear Regression,V = I * R
P7-SYNTH-163,P7-SYNTH-163-S01,ELECTRICAL,Electrical Resistivity,1.8616,Ohm*cm,Geometric Resistance Formula,rho = R * A / L
P7-SYNTH-163,P7-SYNTH-163-S01,ELECTRICAL,Electrical Conductivity,0.53717,S/cm,Reciprocal Resistivity,sigma = 1 / rho
P7-SYNTH-164,P7-SYNTH-164-S01,XRD,Crystallite Size,21.85,nm,Scherrer Equation,D = (K * lambda) / (beta * cos(theta))
P7-SYNTH-164,P7-SYNTH-164-S01,UV_VIS,Optical Band Gap,1.455,eV,Tauc Plot Linear Extrapolation,(alpha * h * nu)^(1/n) vs h * nu
P7-SYNTH-164,P7-SYNTH-164-S01,ELECTRICAL,Electrical Resistance,82244.45,Ohm,Ohm's Law Linear Regression,V = I * R
P7-SYNTH-164,P7-SYNTH-164-S01,ELECTRICAL,Electrical Resistivity,2.0922,Ohm*cm,Geometric Resistance Formula,rho = R * A / L
P7-SYNTH-164,P7-SYNTH-164-S01,ELECTRICAL,Electrical Conductivity,0.47796,S/cm,Reciprocal Resistivity,sigma = 1 / rho
P7-SYNTH-165,P7-SYNTH-165-S01,XRD,Crystallite Size,21.94,nm,Scherrer Equation,D = (K * lambda) / (beta * cos(theta))
P7-SYNTH-165,P7-SYNTH-165-S01,ELECTRICAL,Electrical Resistance,47270.93,Ohm,Ohm's Law Linear Regression,V = I * R
P7-SYNTH-165,P7-SYNTH-165-S01,ELECTRICAL,Electrical Resistivity,1.304,Ohm*cm,Geometric Resistance Formula,rho = R * A / L
P7-SYNTH-165,P7-SYNTH-165-S01,ELECTRICAL,Electrical Conductivity,0.76685,S/cm,Reciprocal Resistivity,sigma = 1 / rho
P7-SYNTH-166,P7-SYNTH-166-S01,XRD,Crystallite Size,19.53,nm,Scherrer Equation,D = (K * lambda) / (beta * cos(theta))
P7-SYNTH-166,P7-SYNTH-166-S01,UV_VIS,Optical Band Gap,1.495,eV,Tauc Plot Linear Extrapolation,(alpha * h * nu)^(1/n) vs h * nu
P7-SYNTH-166,P7-SYNTH-166-S01,ELECTRICAL,Electrical Resistance,66444.83,Ohm,Ohm's Law Linear Regression,V = I * R
P7-SYNTH-166,P7-SYNTH-166-S01,ELECTRICAL,Electrical Resistivity,1.854,Ohm*cm,Geometric Resistance Formula,rho = R * A / L
P7-SYNTH-166,P7-SYNTH-166-S01,ELECTRICAL,Electrical Conductivity,0.53939,S/cm,Reciprocal Resistivity,sigma = 1 / rho
P7-SYNTH-167,P7-SYNTH-167-S01,XRD,Crystallite Size,18.42,nm,Scherrer Equation,D = (K * lambda) / (beta * cos(theta))
P7-SYNTH-167,P7-SYNTH-167-S01,UV_VIS,Optical Band Gap,1.526,eV,Tauc Plot Linear Extrapolation,(alpha * h * nu)^(1/n) vs h * nu
P7-SYNTH-167,P7-SYNTH-167-S01,ELECTRICAL,Electrical Resistance,72384.22,Ohm,Ohm's Law Linear Regression,V = I * R
P7-SYNTH-167,P7-SYNTH-167-S01,ELECTRICAL,Electrical Resistivity,2.0692,Ohm*cm,Geometric Resistance Formula,rho = R * A / L
P7-SYNTH-167,P7-SYNTH-167-S01,ELECTRICAL,Electrical Conductivity,0.48328,S/cm,Reciprocal Resistivity,sigma = 1 / rho
P7-SYNTH-168,P7-SYNTH-168-S01,XRD,Crystallite Size,20.73,nm,Scherrer Equation,D = (K * lambda) / (beta * cos(theta))
P7-SYNTH-168,P7-SYNTH-168-S01,UV_VIS,Optical Band Gap,1.479,eV,Tauc Plot Linear Extrapolation,(alpha * h * nu)^(1/n) vs h * nu
P7-SYNTH-168,P7-SYNTH-168-S01,ELECTRICAL,Electrical Resistance,49168.05,Ohm,Ohm's Law Linear Regression,V = I * R
P7-SYNTH-168,P7-SYNTH-168-S01,ELECTRICAL,Electrical Resistivity,1.1969,Ohm*cm,Geometric Resistance Formula,rho = R * A / L
P7-SYNTH-168,P7-SYNTH-168-S01,ELECTRICAL,Electrical Conductivity,0.83548,S/cm,Reciprocal Resistivity,sigma = 1 / rho
P7-SYNTH-169,P7-SYNTH-169-S01,XRD,Crystallite Size,21.22,nm,Scherrer Equation,D = (K * lambda) / (beta * cos(theta))
P7-SYNTH-169,P7-SYNTH-169-S01,ELECTRICAL,Electrical Resistance,57541.41,Ohm,Ohm's Law Linear Regression,V = I * R
P7-SYNTH-169,P7-SYNTH-169-S01,ELECTRICAL,Electrical Resistivity,1.755,Ohm*cm,Geometric Resistance Formula,rho = R * A / L
P7-SYNTH-169,P7-SYNTH-169-S01,ELECTRICAL,Electrical Conductivity,0.56982,S/cm,Reciprocal Resistivity,sigma = 1 / rho
P7-SYNTH-170,P7-SYNTH-170-S01,XRD,Crystallite Size,20.7,nm,Scherrer Equation,D = (K * lambda) / (beta * cos(theta))
P7-SYNTH-170,P7-SYNTH-170-S01,UV_VIS,Optical Band Gap,1.49,eV,Tauc Plot Linear Extrapolation,(alpha * h * nu)^(1/n) vs h * nu
P7-SYNTH-170,P7-SYNTH-170-S01,ELECTRICAL,Electrical Resistance,60193.34,Ohm,Ohm's Law Linear Regression,V = I * R
P7-SYNTH-170,P7-SYNTH-170-S01,ELECTRICAL,Electrical Resistivity,1.9657,Ohm*cm,Geometric Resistance Formula,rho = R * A / L
P7-SYNTH-170,P7-SYNTH-170-S01,ELECTRICAL,Electrical Conductivity,0.50871,S/cm,Reciprocal Resistivity,sigma = 1 / rho
P7-SYNTH-171,P7-SYNTH-171-S01,XRD,Crystallite Size,20.93,nm,Scherrer Equation,D = (K * lambda) / (beta * cos(theta))
P7-SYNTH-171,P7-SYNTH-171-S01,UV_VIS,Optical Band Gap,1.492,eV,Tauc Plot Linear Extrapolation,(alpha * h * nu)^(1/n) vs h * nu
P7-SYNTH-171,P7-SYNTH-171-S01,ELECTRICAL,Electrical Resistance,47451.3,Ohm,Ohm's Law Linear Regression,V = I * R
P7-SYNTH-171,P7-SYNTH-171-S01,ELECTRICAL,Electrical Resistivity,1.2766,Ohm*cm,Geometric Resistance Formula,rho = R * A / L
P7-SYNTH-171,P7-SYNTH-171-S01,ELECTRICAL,Electrical Conductivity,0.78332,S/cm,Reciprocal Resistivity,sigma = 1 / rho
P7-SYNTH-172,P7-SYNTH-172-S01,XRD,Crystallite Size,19.39,nm,Scherrer Equation,D = (K * lambda) / (beta * cos(theta))
P7-SYNTH-172,P7-SYNTH-172-S01,UV_VIS,Optical Band Gap,1.502,eV,Tauc Plot Linear Extrapolation,(alpha * h * nu)^(1/n) vs h * nu
P7-SYNTH-172,P7-SYNTH-172-S01,ELECTRICAL,Electrical Resistance,72965.31,Ohm,Ohm's Law Linear Regression,V = I * R
P7-SYNTH-172,P7-SYNTH-172-S01,ELECTRICAL,Electrical Resistivity,1.9219,Ohm*cm,Geometric Resistance Formula,rho = R * A / L
P7-SYNTH-172,P7-SYNTH-172-S01,ELECTRICAL,Electrical Conductivity,0.52031,S/cm,Reciprocal Resistivity,sigma = 1 / rho
P7-SYNTH-173,P7-SYNTH-173-S01,XRD,Crystallite Size,20.24,nm,Scherrer Equation,D = (K * lambda) / (beta * cos(theta))
P7-SYNTH-173,P7-SYNTH-173-S01,UV_VIS,Optical Band Gap,1.473,eV,Tauc Plot Linear Extrapolation,(alpha * h * nu)^(1/n) vs h * nu
P7-SYNTH-173,P7-SYNTH-173-S01,ELECTRICAL,Electrical Resistance,70558.83,Ohm,Ohm's Law Linear Regression,V = I * R
P7-SYNTH-173,P7-SYNTH-173-S01,ELECTRICAL,Electrical Resistivity,2.0344,Ohm*cm,Geometric Resistance Formula,rho = R * A / L
P7-SYNTH-173,P7-SYNTH-173-S01,ELECTRICAL,Electrical Conductivity,0.49154,S/cm,Reciprocal Resistivity,sigma = 1 / rho
P7-SYNTH-174,P7-SYNTH-174-S01,XRD,Crystallite Size,19.62,nm,Scherrer Equation,D = (K * lambda) / (beta * cos(theta))
P7-SYNTH-174,P7-SYNTH-174-S01,ELECTRICAL,Electrical Resistance,41580.23,Ohm,Ohm's Law Linear Regression,V = I * R
P7-SYNTH-174,P7-SYNTH-174-S01,ELECTRICAL,Electrical Resistivity,1.1983,Ohm*cm,Geometric Resistance Formula,rho = R * A / L
P7-SYNTH-174,P7-SYNTH-174-S01,ELECTRICAL,Electrical Conductivity,0.83449,S/cm,Reciprocal Resistivity,sigma = 1 / rho
P7-SYNTH-175,P7-SYNTH-175-S01,XRD,Crystallite Size,18.6,nm,Scherrer Equation,D = (K * lambda) / (beta * cos(theta))
P7-SYNTH-175,P7-SYNTH-175-S01,UV_VIS,Optical Band Gap,1.508,eV,Tauc Plot Linear Extrapolation,(alpha * h * nu)^(1/n) vs h * nu
P7-SYNTH-175,P7-SYNTH-175-S01,ELECTRICAL,Electrical Resistance,75848.01,Ohm,Ohm's Law Linear Regression,V = I * R
P7-SYNTH-175,P7-SYNTH-175-S01,ELECTRICAL,Electrical Resistivity,2.1401,Ohm*cm,Geometric Resistance Formula,rho = R * A / L
P7-SYNTH-175,P7-SYNTH-175-S01,ELECTRICAL,Electrical Conductivity,0.46726,S/cm,Reciprocal Resistivity,sigma = 1 / rho
P7-SYNTH-176,P7-SYNTH-176-S01,XRD,Crystallite Size,21.04,nm,Scherrer Equation,D = (K * lambda) / (beta * cos(theta))
P7-SYNTH-176,P7-SYNTH-176-S01,UV_VIS,Optical Band Gap,1.484,eV,Tauc Plot Linear Extrapolation,(alpha * h * nu)^(1/n) vs h * nu
P7-SYNTH-176,P7-SYNTH-176-S01,ELECTRICAL,Electrical Resistance,69737.71,Ohm,Ohm's Law Linear Regression,V = I * R
P7-SYNTH-176,P7-SYNTH-176-S01,ELECTRICAL,Electrical Resistivity,1.9026,Ohm*cm,Geometric Resistance Formula,rho = R * A / L
P7-SYNTH-176,P7-SYNTH-176-S01,ELECTRICAL,Electrical Conductivity,0.5256,S/cm,Reciprocal Resistivity,sigma = 1 / rho
P7-SYNTH-177,P7-SYNTH-177-S01,XRD,Crystallite Size,19.27,nm,Scherrer Equation,D = (K * lambda) / (beta * cos(theta))
P7-SYNTH-177,P7-SYNTH-177-S01,ELECTRICAL,Electrical Resistance,87678.75,Ohm,Ohm's Law Linear Regression,V = I * R
P7-SYNTH-177,P7-SYNTH-177-S01,ELECTRICAL,Electrical Resistivity,1.8087,Ohm*cm,Geometric Resistance Formula,rho = R * A / L
P7-SYNTH-177,P7-SYNTH-177-S01,ELECTRICAL,Electrical Conductivity,0.5529,S/cm,Reciprocal Resistivity,sigma = 1 / rho
P7-SYNTH-178,P7-SYNTH-178-S01,XRD,Crystallite Size,18.57,nm,Scherrer Equation,D = (K * lambda) / (beta * cos(theta))
P7-SYNTH-178,P7-SYNTH-178-S01,ELECTRICAL,Electrical Resistance,72442.34,Ohm,Ohm's Law Linear Regression,V = I * R
P7-SYNTH-178,P7-SYNTH-178-S01,ELECTRICAL,Electrical Resistivity,2.0073,Ohm*cm,Geometric Resistance Formula,rho = R * A / L
P7-SYNTH-178,P7-SYNTH-178-S01,ELECTRICAL,Electrical Conductivity,0.49818,S/cm,Reciprocal Resistivity,sigma = 1 / rho
P7-SYNTH-179,P7-SYNTH-179-S01,XRD,Crystallite Size,18.53,nm,Scherrer Equation,D = (K * lambda) / (beta * cos(theta))
P7-SYNTH-179,P7-SYNTH-179-S01,UV_VIS,Optical Band Gap,1.498,eV,Tauc Plot Linear Extrapolation,(alpha * h * nu)^(1/n) vs h * nu
P7-SYNTH-179,P7-SYNTH-179-S01,ELECTRICAL,Electrical Resistance,86253.98,Ohm,Ohm's Law Linear Regression,V = I * R
P7-SYNTH-179,P7-SYNTH-179-S01,ELECTRICAL,Electrical Resistivity,2.2594,Ohm*cm,Geometric Resistance Formula,rho = R * A / L
P7-SYNTH-179,P7-SYNTH-179-S01,ELECTRICAL,Electrical Conductivity,0.4426,S/cm,Reciprocal Resistivity,sigma = 1 / rho
P7-SYNTH-180,P7-SYNTH-180-S01,XRD,Crystallite Size,20.77,nm,Scherrer Equation,D = (K * lambda) / (beta * cos(theta))
P7-SYNTH-180,P7-SYNTH-180-S01,UV_VIS,Optical Band Gap,1.485,eV,Tauc Plot Linear Extrapolation,(alpha * h * nu)^(1/n) vs h * nu
P7-SYNTH-180,P7-SYNTH-180-S01,ELECTRICAL,Electrical Resistance,56738.34,Ohm,Ohm's Law Linear Regression,V = I * R
P7-SYNTH-180,P7-SYNTH-180-S01,ELECTRICAL,Electrical Resistivity,1.6108,Ohm*cm,Geometric Resistance Formula,rho = R * A / L
P7-SYNTH-180,P7-SYNTH-180-S01,ELECTRICAL,Electrical Conductivity,0.6208,S/cm,Reciprocal Resistivity,sigma = 1 / rho
P7-SYNTH-181,P7-SYNTH-181-S01,XRD,Crystallite Size,19.91,nm,Scherrer Equation,D = (K * lambda) / (beta * cos(theta))
P7-SYNTH-181,P7-SYNTH-181-S01,UV_VIS,Optical Band Gap,1.481,eV,Tauc Plot Linear Extrapolation,(alpha * h * nu)^(1/n) vs h * nu
P7-SYNTH-181,P7-SYNTH-181-S01,ELECTRICAL,Electrical Resistance,78172.68,Ohm,Ohm's Law Linear Regression,V = I * R
P7-SYNTH-181,P7-SYNTH-181-S01,ELECTRICAL,Electrical Resistivity,2.0066,Ohm*cm,Geometric Resistance Formula,rho = R * A / L
P7-SYNTH-181,P7-SYNTH-181-S01,ELECTRICAL,Electrical Conductivity,0.49835,S/cm,Reciprocal Resistivity,sigma = 1 / rho
P7-SYNTH-182,P7-SYNTH-182-S01,XRD,Crystallite Size,21.08,nm,Scherrer Equation,D = (K * lambda) / (beta * cos(theta))
P7-SYNTH-182,P7-SYNTH-182-S01,UV_VIS,Optical Band Gap,1.487,eV,Tauc Plot Linear Extrapolation,(alpha * h * nu)^(1/n) vs h * nu
P7-SYNTH-182,P7-SYNTH-182-S01,ELECTRICAL,Electrical Resistance,76290.89,Ohm,Ohm's Law Linear Regression,V = I * R
P7-SYNTH-182,P7-SYNTH-182-S01,ELECTRICAL,Electrical Resistivity,2.3383,Ohm*cm,Geometric Resistance Formula,rho = R * A / L
P7-SYNTH-182,P7-SYNTH-182-S01,ELECTRICAL,Electrical Conductivity,0.42767,S/cm,Reciprocal Resistivity,sigma = 1 / rho
P7-SYNTH-183,P7-SYNTH-183-S01,XRD,Crystallite Size,19.64,nm,Scherrer Equation,D = (K * lambda) / (beta * cos(theta))
P7-SYNTH-183,P7-SYNTH-183-S01,UV_VIS,Optical Band Gap,1.536,eV,Tauc Plot Linear Extrapolation,(alpha * h * nu)^(1/n) vs h * nu
P7-SYNTH-183,P7-SYNTH-183-S01,ELECTRICAL,Electrical Resistance,76475.05,Ohm,Ohm's Law Linear Regression,V = I * R
P7-SYNTH-183,P7-SYNTH-183-S01,ELECTRICAL,Electrical Resistivity,1.7198,Ohm*cm,Geometric Resistance Formula,rho = R * A / L
P7-SYNTH-183,P7-SYNTH-183-S01,ELECTRICAL,Electrical Conductivity,0.58147,S/cm,Reciprocal Resistivity,sigma = 1 / rho
P7-SYNTH-184,P7-SYNTH-184-S01,XRD,Crystallite Size,19.04,nm,Scherrer Equation,D = (K * lambda) / (beta * cos(theta))
P7-SYNTH-184,P7-SYNTH-184-S01,ELECTRICAL,Electrical Resistance,80045.13,Ohm,Ohm's Law Linear Regression,V = I * R
P7-SYNTH-184,P7-SYNTH-184-S01,ELECTRICAL,Electrical Resistivity,2.2008,Ohm*cm,Geometric Resistance Formula,rho = R * A / L
P7-SYNTH-184,P7-SYNTH-184-S01,ELECTRICAL,Electrical Conductivity,0.45437,S/cm,Reciprocal Resistivity,sigma = 1 / rho
P7-SYNTH-186,P7-SYNTH-186-S01,XRD,Crystallite Size,19.54,nm,Scherrer Equation,D = (K * lambda) / (beta * cos(theta))
P7-SYNTH-186,P7-SYNTH-186-S01,UV_VIS,Optical Band Gap,1.493,eV,Tauc Plot Linear Extrapolation,(alpha * h * nu)^(1/n) vs h * nu
P7-SYNTH-186,P7-SYNTH-186-S01,ELECTRICAL,Electrical Resistance,53314.99,Ohm,Ohm's Law Linear Regression,V = I * R
P7-SYNTH-186,P7-SYNTH-186-S01,ELECTRICAL,Electrical Resistivity,1.4874,Ohm*cm,Geometric Resistance Formula,rho = R * A / L
P7-SYNTH-186,P7-SYNTH-186-S01,ELECTRICAL,Electrical Conductivity,0.67233,S/cm,Reciprocal Resistivity,sigma = 1 / rho
P7-SYNTH-187,P7-SYNTH-187-S01,XRD,Crystallite Size,21.25,nm,Scherrer Equation,D = (K * lambda) / (beta * cos(theta))
P7-SYNTH-187,P7-SYNTH-187-S01,UV_VIS,Optical Band Gap,1.498,eV,Tauc Plot Linear Extrapolation,(alpha * h * nu)^(1/n) vs h * nu
P7-SYNTH-187,P7-SYNTH-187-S01,ELECTRICAL,Electrical Resistance,109122.15,Ohm,Ohm's Law Linear Regression,V = I * R
P7-SYNTH-187,P7-SYNTH-187-S01,ELECTRICAL,Electrical Resistivity,2.4429,Ohm*cm,Geometric Resistance Formula,rho = R * A / L
P7-SYNTH-187,P7-SYNTH-187-S01,ELECTRICAL,Electrical Conductivity,0.40934,S/cm,Reciprocal Resistivity,sigma = 1 / rho
P7-SYNTH-188,P7-SYNTH-188-S01,XRD,Crystallite Size,21.25,nm,Scherrer Equation,D = (K * lambda) / (beta * cos(theta))
P7-SYNTH-188,P7-SYNTH-188-S01,UV_VIS,Optical Band Gap,1.493,eV,Tauc Plot Linear Extrapolation,(alpha * h * nu)^(1/n) vs h * nu
P7-SYNTH-188,P7-SYNTH-188-S01,ELECTRICAL,Electrical Resistance,77674.89,Ohm,Ohm's Law Linear Regression,V = I * R
P7-SYNTH-188,P7-SYNTH-188-S01,ELECTRICAL,Electrical Resistivity,2.295,Ohm*cm,Geometric Resistance Formula,rho = R * A / L
P7-SYNTH-188,P7-SYNTH-188-S01,ELECTRICAL,Electrical Conductivity,0.43574,S/cm,Reciprocal Resistivity,sigma = 1 / rho
P7-SYNTH-189,P7-SYNTH-189-S01,XRD,Crystallite Size,21.6,nm,Scherrer Equation,D = (K * lambda) / (beta * cos(theta))
P7-SYNTH-189,P7-SYNTH-189-S01,ELECTRICAL,Electrical Resistance,56510.15,Ohm,Ohm's Law Linear Regression,V = I * R
P7-SYNTH-189,P7-SYNTH-189-S01,ELECTRICAL,Electrical Resistivity,1.4927,Ohm*cm,Geometric Resistance Formula,rho = R * A / L
P7-SYNTH-189,P7-SYNTH-189-S01,ELECTRICAL,Electrical Conductivity,0.66991,S/cm,Reciprocal Resistivity,sigma = 1 / rho
P7-SYNTH-190,P7-SYNTH-190-S01,XRD,Crystallite Size,22.28,nm,Scherrer Equation,D = (K * lambda) / (beta * cos(theta))
P7-SYNTH-190,P7-SYNTH-190-S01,UV_VIS,Optical Band Gap,1.441,eV,Tauc Plot Linear Extrapolation,(alpha * h * nu)^(1/n) vs h * nu
P7-SYNTH-190,P7-SYNTH-190-S01,ELECTRICAL,Electrical Resistance,71432.98,Ohm,Ohm's Law Linear Regression,V = I * R
P7-SYNTH-190,P7-SYNTH-190-S01,ELECTRICAL,Electrical Resistivity,2.4158,Ohm*cm,Geometric Resistance Formula,rho = R * A / L
P7-SYNTH-190,P7-SYNTH-190-S01,ELECTRICAL,Electrical Conductivity,0.41394,S/cm,Reciprocal Resistivity,sigma = 1 / rho
P7-SYNTH-191,P7-SYNTH-191-S01,XRD,Crystallite Size,22.58,nm,Scherrer Equation,D = (K * lambda) / (beta * cos(theta))
P7-SYNTH-191,P7-SYNTH-191-S01,ELECTRICAL,Electrical Resistance,19517.73,Ohm,Ohm's Law Linear Regression,V = I * R
P7-SYNTH-191,P7-SYNTH-191-S01,ELECTRICAL,Electrical Resistivity,1.5577,Ohm*cm,Geometric Resistance Formula,rho = R * A / L
P7-SYNTH-191,P7-SYNTH-191-S01,ELECTRICAL,Electrical Conductivity,0.64199,S/cm,Reciprocal Resistivity,sigma = 1 / rho
P7-SYNTH-192,P7-SYNTH-192-S01,XRD,Crystallite Size,24.54,nm,Scherrer Equation,D = (K * lambda) / (beta * cos(theta))
P7-SYNTH-192,P7-SYNTH-192-S01,ELECTRICAL,Electrical Resistance,18312.47,Ohm,Ohm's Law Linear Regression,V = I * R
P7-SYNTH-192,P7-SYNTH-192-S01,ELECTRICAL,Electrical Resistivity,1.6806,Ohm*cm,Geometric Resistance Formula,rho = R * A / L
P7-SYNTH-192,P7-SYNTH-192-S01,ELECTRICAL,Electrical Conductivity,0.59504,S/cm,Reciprocal Resistivity,sigma = 1 / rho
P7-SYNTH-193,P7-SYNTH-193-S01,XRD,Crystallite Size,25.69,nm,Scherrer Equation,D = (K * lambda) / (beta * cos(theta))
P7-SYNTH-193,P7-SYNTH-193-S01,UV_VIS,Optical Band Gap,1.446,eV,Tauc Plot Linear Extrapolation,(alpha * h * nu)^(1/n) vs h * nu
P7-SYNTH-193,P7-SYNTH-193-S01,ELECTRICAL,Electrical Resistance,16457.61,Ohm,Ohm's Law Linear Regression,V = I * R
P7-SYNTH-193,P7-SYNTH-193-S01,ELECTRICAL,Electrical Resistivity,1.0843,Ohm*cm,Geometric Resistance Formula,rho = R * A / L
P7-SYNTH-193,P7-SYNTH-193-S01,ELECTRICAL,Electrical Conductivity,0.92225,S/cm,Reciprocal Resistivity,sigma = 1 / rho
P7-SYNTH-194,P7-SYNTH-194-S01,ELECTRICAL,Electrical Resistance,19960.26,Ohm,Ohm's Law Linear Regression,V = I * R
P7-SYNTH-194,P7-SYNTH-194-S01,ELECTRICAL,Electrical Resistivity,1.044,Ohm*cm,Geometric Resistance Formula,rho = R * A / L
P7-SYNTH-194,P7-SYNTH-194-S01,ELECTRICAL,Electrical Conductivity,0.95784,S/cm,Reciprocal Resistivity,sigma = 1 / rho
P7-SYNTH-195,P7-SYNTH-195-S01,XRD,Crystallite Size,24.6,nm,Scherrer Equation,D = (K * lambda) / (beta * cos(theta))
P7-SYNTH-195,P7-SYNTH-195-S01,UV_VIS,Optical Band Gap,1.433,eV,Tauc Plot Linear Extrapolation,(alpha * h * nu)^(1/n) vs h * nu
P7-SYNTH-195,P7-SYNTH-195-S01,ELECTRICAL,Electrical Resistance,55652.81,Ohm,Ohm's Law Linear Regression,V = I * R
P7-SYNTH-195,P7-SYNTH-195-S01,ELECTRICAL,Electrical Resistivity,1.5649,Ohm*cm,Geometric Resistance Formula,rho = R * A / L
P7-SYNTH-195,P7-SYNTH-195-S01,ELECTRICAL,Electrical Conductivity,0.63901,S/cm,Reciprocal Resistivity,sigma = 1 / rho
P7-SYNTH-196,P7-SYNTH-196-S01,XRD,Crystallite Size,22.69,nm,Scherrer Equation,D = (K * lambda) / (beta * cos(theta))
P7-SYNTH-196,P7-SYNTH-196-S01,UV_VIS,Optical Band Gap,1.467,eV,Tauc Plot Linear Extrapolation,(alpha * h * nu)^(1/n) vs h * nu
P7-SYNTH-196,P7-SYNTH-196-S01,ELECTRICAL,Electrical Resistance,182320.78,Ohm,Ohm's Law Linear Regression,V = I * R
P7-SYNTH-196,P7-SYNTH-196-S01,ELECTRICAL,Electrical Resistivity,2.8207,Ohm*cm,Geometric Resistance Formula,rho = R * A / L
P7-SYNTH-196,P7-SYNTH-196-S01,ELECTRICAL,Electrical Conductivity,0.35452,S/cm,Reciprocal Resistivity,sigma = 1 / rho
P7-SYNTH-197,P7-SYNTH-197-S01,XRD,Crystallite Size,24.41,nm,Scherrer Equation,D = (K * lambda) / (beta * cos(theta))
P7-SYNTH-197,P7-SYNTH-197-S01,UV_VIS,Optical Band Gap,1.439,eV,Tauc Plot Linear Extrapolation,(alpha * h * nu)^(1/n) vs h * nu
P7-SYNTH-197,P7-SYNTH-197-S01,ELECTRICAL,Electrical Resistance,105646.35,Ohm,Ohm's Law Linear Regression,V = I * R
P7-SYNTH-197,P7-SYNTH-197-S01,ELECTRICAL,Electrical Resistivity,2.0062,Ohm*cm,Geometric Resistance Formula,rho = R * A / L
P7-SYNTH-197,P7-SYNTH-197-S01,ELECTRICAL,Electrical Conductivity,0.49845,S/cm,Reciprocal Resistivity,sigma = 1 / rho
P7-SYNTH-198,P7-SYNTH-198-S01,XRD,Crystallite Size,25.24,nm,Scherrer Equation,D = (K * lambda) / (beta * cos(theta))
P7-SYNTH-198,P7-SYNTH-198-S01,ELECTRICAL,Electrical Resistance,43946.2,Ohm,Ohm's Law Linear Regression,V = I * R
P7-SYNTH-198,P7-SYNTH-198-S01,ELECTRICAL,Electrical Resistivity,1.5268,Ohm*cm,Geometric Resistance Formula,rho = R * A / L
P7-SYNTH-198,P7-SYNTH-198-S01,ELECTRICAL,Electrical Conductivity,0.65495,S/cm,Reciprocal Resistivity,sigma = 1 / rho
P7-SYNTH-199,P7-SYNTH-199-S01,XRD,Crystallite Size,23.47,nm,Scherrer Equation,D = (K * lambda) / (beta * cos(theta))
P7-SYNTH-199,P7-SYNTH-199-S01,UV_VIS,Optical Band Gap,1.449,eV,Tauc Plot Linear Extrapolation,(alpha * h * nu)^(1/n) vs h * nu
P7-SYNTH-199,P7-SYNTH-199-S01,ELECTRICAL,Electrical Resistance,90862.74,Ohm,Ohm's Law Linear Regression,V = I * R
P7-SYNTH-199,P7-SYNTH-199-S01,ELECTRICAL,Electrical Resistivity,1.545,Ohm*cm,Geometric Resistance Formula,rho = R * A / L
P7-SYNTH-199,P7-SYNTH-199-S01,ELECTRICAL,Electrical Conductivity,0.64725,S/cm,Reciprocal Resistivity,sigma = 1 / rho
P7-SYNTH-200,P7-SYNTH-200-S01,XRD,Crystallite Size,24.37,nm,Scherrer Equation,D = (K * lambda) / (beta * cos(theta))
P7-SYNTH-200,P7-SYNTH-200-S01,ELECTRICAL,Electrical Resistance,21336.14,Ohm,Ohm's Law Linear Regression,V = I * R
P7-SYNTH-200,P7-SYNTH-200-S01,ELECTRICAL,Electrical Resistivity,1.5309,Ohm*cm,Geometric Resistance Formula,rho = R * A / L
P7-SYNTH-200,P7-SYNTH-200-S01,ELECTRICAL,Electrical Conductivity,0.65319,S/cm,Reciprocal Resistivity,sigma = 1 / rho
P7-SYNTH-201,P7-SYNTH-201-S01,XRD,Crystallite Size,23.81,nm,Scherrer Equation,D = (K * lambda) / (beta * cos(theta))
P7-SYNTH-201,P7-SYNTH-201-S01,UV_VIS,Optical Band Gap,1.434,eV,Tauc Plot Linear Extrapolation,(alpha * h * nu)^(1/n) vs h * nu
P7-SYNTH-201,P7-SYNTH-201-S01,ELECTRICAL,Electrical Resistance,18571.08,Ohm,Ohm's Law Linear Regression,V = I * R
P7-SYNTH-201,P7-SYNTH-201-S01,ELECTRICAL,Electrical Resistivity,1.3238,Ohm*cm,Geometric Resistance Formula,rho = R * A / L
P7-SYNTH-201,P7-SYNTH-201-S01,ELECTRICAL,Electrical Conductivity,0.75543,S/cm,Reciprocal Resistivity,sigma = 1 / rho
P7-SYNTH-202,P7-SYNTH-202-S01,XRD,Crystallite Size,24.32,nm,Scherrer Equation,D = (K * lambda) / (beta * cos(theta))
P7-SYNTH-202,P7-SYNTH-202-S01,UV_VIS,Optical Band Gap,1.432,eV,Tauc Plot Linear Extrapolation,(alpha * h * nu)^(1/n) vs h * nu
P7-SYNTH-202,P7-SYNTH-202-S01,ELECTRICAL,Electrical Resistance,28105.32,Ohm,Ohm's Law Linear Regression,V = I * R
P7-SYNTH-202,P7-SYNTH-202-S01,ELECTRICAL,Electrical Resistivity,1.6125,Ohm*cm,Geometric Resistance Formula,rho = R * A / L
P7-SYNTH-202,P7-SYNTH-202-S01,ELECTRICAL,Electrical Conductivity,0.62016,S/cm,Reciprocal Resistivity,sigma = 1 / rho
P7-SYNTH-203,P7-SYNTH-203-S01,XRD,Crystallite Size,25.41,nm,Scherrer Equation,D = (K * lambda) / (beta * cos(theta))
P7-SYNTH-203,P7-SYNTH-203-S01,UV_VIS,Optical Band Gap,1.43,eV,Tauc Plot Linear Extrapolation,(alpha * h * nu)^(1/n) vs h * nu
P7-SYNTH-203,P7-SYNTH-203-S01,ELECTRICAL,Electrical Resistance,16102.54,Ohm,Ohm's Law Linear Regression,V = I * R
P7-SYNTH-203,P7-SYNTH-203-S01,ELECTRICAL,Electrical Resistivity,1.4871,Ohm*cm,Geometric Resistance Formula,rho = R * A / L
P7-SYNTH-203,P7-SYNTH-203-S01,ELECTRICAL,Electrical Conductivity,0.67246,S/cm,Reciprocal Resistivity,sigma = 1 / rho
P7-SYNTH-204,P7-SYNTH-204-S01,XRD,Crystallite Size,24.22,nm,Scherrer Equation,D = (K * lambda) / (beta * cos(theta))
P7-SYNTH-204,P7-SYNTH-204-S01,UV_VIS,Optical Band Gap,1.452,eV,Tauc Plot Linear Extrapolation,(alpha * h * nu)^(1/n) vs h * nu
P7-SYNTH-204,P7-SYNTH-204-S01,ELECTRICAL,Electrical Resistance,37190.76,Ohm,Ohm's Law Linear Regression,V = I * R
P7-SYNTH-204,P7-SYNTH-204-S01,ELECTRICAL,Electrical Resistivity,1.765,Ohm*cm,Geometric Resistance Formula,rho = R * A / L
P7-SYNTH-204,P7-SYNTH-204-S01,ELECTRICAL,Electrical Conductivity,0.56656,S/cm,Reciprocal Resistivity,sigma = 1 / rho
P7-SYNTH-205,P7-SYNTH-205-S01,XRD,Crystallite Size,23.08,nm,Scherrer Equation,D = (K * lambda) / (beta * cos(theta))
P7-SYNTH-205,P7-SYNTH-205-S01,UV_VIS,Optical Band Gap,1.462,eV,Tauc Plot Linear Extrapolation,(alpha * h * nu)^(1/n) vs h * nu
P7-SYNTH-205,P7-SYNTH-205-S01,ELECTRICAL,Electrical Resistance,38635.75,Ohm,Ohm's Law Linear Regression,V = I * R
P7-SYNTH-205,P7-SYNTH-205-S01,ELECTRICAL,Electrical Resistivity,1.1065,Ohm*cm,Geometric Resistance Formula,rho = R * A / L
P7-SYNTH-205,P7-SYNTH-205-S01,ELECTRICAL,Electrical Conductivity,0.90375,S/cm,Reciprocal Resistivity,sigma = 1 / rho
P7-SYNTH-206,P7-SYNTH-206-S01,XRD,Crystallite Size,24.24,nm,Scherrer Equation,D = (K * lambda) / (beta * cos(theta))
P7-SYNTH-206,P7-SYNTH-206-S01,ELECTRICAL,Electrical Resistance,40498.38,Ohm,Ohm's Law Linear Regression,V = I * R
P7-SYNTH-206,P7-SYNTH-206-S01,ELECTRICAL,Electrical Resistivity,1.6255,Ohm*cm,Geometric Resistance Formula,rho = R * A / L
P7-SYNTH-206,P7-SYNTH-206-S01,ELECTRICAL,Electrical Conductivity,0.6152,S/cm,Reciprocal Resistivity,sigma = 1 / rho
P7-SYNTH-207,P7-SYNTH-207-S01,XRD,Crystallite Size,24.78,nm,Scherrer Equation,D = (K * lambda) / (beta * cos(theta))
P7-SYNTH-207,P7-SYNTH-207-S01,ELECTRICAL,Electrical Resistance,51655.37,Ohm,Ohm's Law Linear Regression,V = I * R
P7-SYNTH-207,P7-SYNTH-207-S01,ELECTRICAL,Electrical Resistivity,1.4149,Ohm*cm,Geometric Resistance Formula,rho = R * A / L
P7-SYNTH-207,P7-SYNTH-207-S01,ELECTRICAL,Electrical Conductivity,0.70677,S/cm,Reciprocal Resistivity,sigma = 1 / rho
P7-SYNTH-208,P7-SYNTH-208-S01,XRD,Crystallite Size,24.06,nm,Scherrer Equation,D = (K * lambda) / (beta * cos(theta))
P7-SYNTH-208,P7-SYNTH-208-S01,UV_VIS,Optical Band Gap,1.452,eV,Tauc Plot Linear Extrapolation,(alpha * h * nu)^(1/n) vs h * nu
P7-SYNTH-208,P7-SYNTH-208-S01,ELECTRICAL,Electrical Resistance,212343.33,Ohm,Ohm's Law Linear Regression,V = I * R
P7-SYNTH-208,P7-SYNTH-208-S01,ELECTRICAL,Electrical Resistivity,3.0718,Ohm*cm,Geometric Resistance Formula,rho = R * A / L
P7-SYNTH-208,P7-SYNTH-208-S01,ELECTRICAL,Electrical Conductivity,0.32555,S/cm,Reciprocal Resistivity,sigma = 1 / rho
P7-SYNTH-209,P7-SYNTH-209-S01,XRD,Crystallite Size,23.73,nm,Scherrer Equation,D = (K * lambda) / (beta * cos(theta))
P7-SYNTH-209,P7-SYNTH-209-S01,UV_VIS,Optical Band Gap,1.453,eV,Tauc Plot Linear Extrapolation,(alpha * h * nu)^(1/n) vs h * nu
P7-SYNTH-209,P7-SYNTH-209-S01,ELECTRICAL,Electrical Resistance,67510.42,Ohm,Ohm's Law Linear Regression,V = I * R
P7-SYNTH-209,P7-SYNTH-209-S01,ELECTRICAL,Electrical Resistivity,1.7507,Ohm*cm,Geometric Resistance Formula,rho = R * A / L
P7-SYNTH-209,P7-SYNTH-209-S01,ELECTRICAL,Electrical Conductivity,0.5712,S/cm,Reciprocal Resistivity,sigma = 1 / rho
P7-SYNTH-210,P7-SYNTH-210-S01,XRD,Crystallite Size,23.84,nm,Scherrer Equation,D = (K * lambda) / (beta * cos(theta))
P7-SYNTH-210,P7-SYNTH-210-S01,UV_VIS,Optical Band Gap,1.449,eV,Tauc Plot Linear Extrapolation,(alpha * h * nu)^(1/n) vs h * nu
P7-SYNTH-210,P7-SYNTH-210-S01,ELECTRICAL,Electrical Resistance,38666.38,Ohm,Ohm's Law Linear Regression,V = I * R
P7-SYNTH-210,P7-SYNTH-210-S01,ELECTRICAL,Electrical Resistivity,1.7075,Ohm*cm,Geometric Resistance Formula,rho = R * A / L
P7-SYNTH-210,P7-SYNTH-210-S01,ELECTRICAL,Electrical Conductivity,0.58567,S/cm,Reciprocal Resistivity,sigma = 1 / rho
P7-SYNTH-211,P7-SYNTH-211-S01,XRD,Crystallite Size,24.55,nm,Scherrer Equation,D = (K * lambda) / (beta * cos(theta))
P7-SYNTH-211,P7-SYNTH-211-S01,UV_VIS,Optical Band Gap,1.429,eV,Tauc Plot Linear Extrapolation,(alpha * h * nu)^(1/n) vs h * nu
P7-SYNTH-211,P7-SYNTH-211-S01,ELECTRICAL,Electrical Resistance,1602282.91,Ohm,Ohm's Law Linear Regression,V = I * R
P7-SYNTH-211,P7-SYNTH-211-S01,ELECTRICAL,Electrical Resistivity,11.216,Ohm*cm,Geometric Resistance Formula,rho = R * A / L
P7-SYNTH-211,P7-SYNTH-211-S01,ELECTRICAL,Electrical Conductivity,0.08916,S/cm,Reciprocal Resistivity,sigma = 1 / rho
P7-SYNTH-212,P7-SYNTH-212-S01,XRD,Crystallite Size,23.96,nm,Scherrer Equation,D = (K * lambda) / (beta * cos(theta))
P7-SYNTH-212,P7-SYNTH-212-S01,UV_VIS,Optical Band Gap,1.434,eV,Tauc Plot Linear Extrapolation,(alpha * h * nu)^(1/n) vs h * nu
P7-SYNTH-212,P7-SYNTH-212-S01,ELECTRICAL,Electrical Resistance,37970.07,Ohm,Ohm's Law Linear Regression,V = I * R
P7-SYNTH-212,P7-SYNTH-212-S01,ELECTRICAL,Electrical Resistivity,1.4823,Ohm*cm,Geometric Resistance Formula,rho = R * A / L
P7-SYNTH-212,P7-SYNTH-212-S01,ELECTRICAL,Electrical Conductivity,0.67462,S/cm,Reciprocal Resistivity,sigma = 1 / rho
P7-SYNTH-213,P7-SYNTH-213-S01,XRD,Crystallite Size,24.44,nm,Scherrer Equation,D = (K * lambda) / (beta * cos(theta))
P7-SYNTH-213,P7-SYNTH-213-S01,ELECTRICAL,Electrical Resistance,43112.0,Ohm,Ohm's Law Linear Regression,V = I * R
P7-SYNTH-213,P7-SYNTH-213-S01,ELECTRICAL,Electrical Resistivity,1.1681,Ohm*cm,Geometric Resistance Formula,rho = R * A / L
P7-SYNTH-213,P7-SYNTH-213-S01,ELECTRICAL,Electrical Conductivity,0.85606,S/cm,Reciprocal Resistivity,sigma = 1 / rho
P7-SYNTH-214,P7-SYNTH-214-S01,XRD,Crystallite Size,23.72,nm,Scherrer Equation,D = (K * lambda) / (beta * cos(theta))
P7-SYNTH-214,P7-SYNTH-214-S01,UV_VIS,Optical Band Gap,1.449,eV,Tauc Plot Linear Extrapolation,(alpha * h * nu)^(1/n) vs h * nu
P7-SYNTH-214,P7-SYNTH-214-S01,ELECTRICAL,Electrical Resistance,43693.35,Ohm,Ohm's Law Linear Regression,V = I * R
P7-SYNTH-214,P7-SYNTH-214-S01,ELECTRICAL,Electrical Resistivity,1.7647,Ohm*cm,Geometric Resistance Formula,rho = R * A / L
P7-SYNTH-214,P7-SYNTH-214-S01,ELECTRICAL,Electrical Conductivity,0.56666,S/cm,Reciprocal Resistivity,sigma = 1 / rho
P7-SYNTH-215,P7-SYNTH-215-S01,XRD,Crystallite Size,23.26,nm,Scherrer Equation,D = (K * lambda) / (beta * cos(theta))
P7-SYNTH-215,P7-SYNTH-215-S01,UV_VIS,Optical Band Gap,1.421,eV,Tauc Plot Linear Extrapolation,(alpha * h * nu)^(1/n) vs h * nu
P7-SYNTH-215,P7-SYNTH-215-S01,ELECTRICAL,Electrical Resistance,24582.65,Ohm,Ohm's Law Linear Regression,V = I * R
P7-SYNTH-215,P7-SYNTH-215-S01,ELECTRICAL,Electrical Resistivity,1.4636,Ohm*cm,Geometric Resistance Formula,rho = R * A / L
P7-SYNTH-215,P7-SYNTH-215-S01,ELECTRICAL,Electrical Conductivity,0.68327,S/cm,Reciprocal Resistivity,sigma = 1 / rho
P7-SYNTH-216,P7-SYNTH-216-S01,XRD,Crystallite Size,25.35,nm,Scherrer Equation,D = (K * lambda) / (beta * cos(theta))
P7-SYNTH-216,P7-SYNTH-216-S01,UV_VIS,Optical Band Gap,1.406,eV,Tauc Plot Linear Extrapolation,(alpha * h * nu)^(1/n) vs h * nu
P7-SYNTH-216,P7-SYNTH-216-S01,ELECTRICAL,Electrical Resistance,32201.35,Ohm,Ohm's Law Linear Regression,V = I * R
P7-SYNTH-216,P7-SYNTH-216-S01,ELECTRICAL,Electrical Resistivity,1.5514,Ohm*cm,Geometric Resistance Formula,rho = R * A / L
P7-SYNTH-216,P7-SYNTH-216-S01,ELECTRICAL,Electrical Conductivity,0.64457,S/cm,Reciprocal Resistivity,sigma = 1 / rho
P7-SYNTH-217,P7-SYNTH-217-S01,XRD,Crystallite Size,23.92,nm,Scherrer Equation,D = (K * lambda) / (beta * cos(theta))
P7-SYNTH-217,P7-SYNTH-217-S01,UV_VIS,Optical Band Gap,1.451,eV,Tauc Plot Linear Extrapolation,(alpha * h * nu)^(1/n) vs h * nu
P7-SYNTH-217,P7-SYNTH-217-S01,ELECTRICAL,Electrical Resistance,72308.7,Ohm,Ohm's Law Linear Regression,V = I * R
P7-SYNTH-217,P7-SYNTH-217-S01,ELECTRICAL,Electrical Resistivity,1.6457,Ohm*cm,Geometric Resistance Formula,rho = R * A / L
P7-SYNTH-217,P7-SYNTH-217-S01,ELECTRICAL,Electrical Conductivity,0.60763,S/cm,Reciprocal Resistivity,sigma = 1 / rho
P7-SYNTH-218,P7-SYNTH-218-S01,XRD,Crystallite Size,24.55,nm,Scherrer Equation,D = (K * lambda) / (beta * cos(theta))
P7-SYNTH-218,P7-SYNTH-218-S01,UV_VIS,Optical Band Gap,1.412,eV,Tauc Plot Linear Extrapolation,(alpha * h * nu)^(1/n) vs h * nu
P7-SYNTH-218,P7-SYNTH-218-S01,ELECTRICAL,Electrical Resistance,33644.16,Ohm,Ohm's Law Linear Regression,V = I * R
P7-SYNTH-218,P7-SYNTH-218-S01,ELECTRICAL,Electrical Resistivity,1.5533,Ohm*cm,Geometric Resistance Formula,rho = R * A / L
P7-SYNTH-218,P7-SYNTH-218-S01,ELECTRICAL,Electrical Conductivity,0.64381,S/cm,Reciprocal Resistivity,sigma = 1 / rho
P7-SYNTH-219,P7-SYNTH-219-S01,XRD,Crystallite Size,24.49,nm,Scherrer Equation,D = (K * lambda) / (beta * cos(theta))
P7-SYNTH-219,P7-SYNTH-219-S01,UV_VIS,Optical Band Gap,1.443,eV,Tauc Plot Linear Extrapolation,(alpha * h * nu)^(1/n) vs h * nu
P7-SYNTH-219,P7-SYNTH-219-S01,ELECTRICAL,Electrical Resistance,36299.61,Ohm,Ohm's Law Linear Regression,V = I * R
P7-SYNTH-219,P7-SYNTH-219-S01,ELECTRICAL,Electrical Resistivity,1.0717,Ohm*cm,Geometric Resistance Formula,rho = R * A / L
P7-SYNTH-219,P7-SYNTH-219-S01,ELECTRICAL,Electrical Conductivity,0.93312,S/cm,Reciprocal Resistivity,sigma = 1 / rho
P7-SYNTH-220,P7-SYNTH-220-S01,XRD,Crystallite Size,25.0,nm,Scherrer Equation,D = (K * lambda) / (beta * cos(theta))
P7-SYNTH-220,P7-SYNTH-220-S01,UV_VIS,Optical Band Gap,1.418,eV,Tauc Plot Linear Extrapolation,(alpha * h * nu)^(1/n) vs h * nu
P7-SYNTH-220,P7-SYNTH-220-S01,ELECTRICAL,Electrical Resistance,62763.34,Ohm,Ohm's Law Linear Regression,V = I * R
P7-SYNTH-220,P7-SYNTH-220-S01,ELECTRICAL,Electrical Resistivity,1.5286,Ohm*cm,Geometric Resistance Formula,rho = R * A / L
P7-SYNTH-220,P7-SYNTH-220-S01,ELECTRICAL,Electrical Conductivity,0.65421,S/cm,Reciprocal Resistivity,sigma = 1 / rho
P7-SYNTH-221,P7-SYNTH-221-S01,XRD,Crystallite Size,24.28,nm,Scherrer Equation,D = (K * lambda) / (beta * cos(theta))
P7-SYNTH-221,P7-SYNTH-221-S01,UV_VIS,Optical Band Gap,1.46,eV,Tauc Plot Linear Extrapolation,(alpha * h * nu)^(1/n) vs h * nu
P7-SYNTH-221,P7-SYNTH-221-S01,ELECTRICAL,Electrical Resistance,16553.39,Ohm,Ohm's Law Linear Regression,V = I * R
P7-SYNTH-221,P7-SYNTH-221-S01,ELECTRICAL,Electrical Resistivity,1.5726,Ohm*cm,Geometric Resistance Formula,rho = R * A / L
P7-SYNTH-221,P7-SYNTH-221-S01,ELECTRICAL,Electrical Conductivity,0.6359,S/cm,Reciprocal Resistivity,sigma = 1 / rho
P7-SYNTH-222,P7-SYNTH-222-S01,XRD,Crystallite Size,23.91,nm,Scherrer Equation,D = (K * lambda) / (beta * cos(theta))
P7-SYNTH-222,P7-SYNTH-222-S01,UV_VIS,Optical Band Gap,1.413,eV,Tauc Plot Linear Extrapolation,(alpha * h * nu)^(1/n) vs h * nu
P7-SYNTH-222,P7-SYNTH-222-S01,ELECTRICAL,Electrical Resistance,33799.91,Ohm,Ohm's Law Linear Regression,V = I * R
P7-SYNTH-222,P7-SYNTH-222-S01,ELECTRICAL,Electrical Resistivity,1.6085,Ohm*cm,Geometric Resistance Formula,rho = R * A / L
P7-SYNTH-222,P7-SYNTH-222-S01,ELECTRICAL,Electrical Conductivity,0.62171,S/cm,Reciprocal Resistivity,sigma = 1 / rho
P7-SYNTH-223,P7-SYNTH-223-S01,XRD,Crystallite Size,24.9,nm,Scherrer Equation,D = (K * lambda) / (beta * cos(theta))
P7-SYNTH-223,P7-SYNTH-223-S01,UV_VIS,Optical Band Gap,1.461,eV,Tauc Plot Linear Extrapolation,(alpha * h * nu)^(1/n) vs h * nu
P7-SYNTH-223,P7-SYNTH-223-S01,ELECTRICAL,Electrical Resistance,1748869.45,Ohm,Ohm's Law Linear Regression,V = I * R
P7-SYNTH-223,P7-SYNTH-223-S01,ELECTRICAL,Electrical Resistivity,12.2421,Ohm*cm,Geometric Resistance Formula,rho = R * A / L
P7-SYNTH-223,P7-SYNTH-223-S01,ELECTRICAL,Electrical Conductivity,0.08169,S/cm,Reciprocal Resistivity,sigma = 1 / rho
P7-SYNTH-224,P7-SYNTH-224-S01,XRD,Crystallite Size,23.49,nm,Scherrer Equation,D = (K * lambda) / (beta * cos(theta))
P7-SYNTH-224,P7-SYNTH-224-S01,UV_VIS,Optical Band Gap,1.468,eV,Tauc Plot Linear Extrapolation,(alpha * h * nu)^(1/n) vs h * nu
P7-SYNTH-224,P7-SYNTH-224-S01,ELECTRICAL,Electrical Resistance,200706.34,Ohm,Ohm's Law Linear Regression,V = I * R
P7-SYNTH-224,P7-SYNTH-224-S01,ELECTRICAL,Electrical Resistivity,2.9797,Ohm*cm,Geometric Resistance Formula,rho = R * A / L
P7-SYNTH-224,P7-SYNTH-224-S01,ELECTRICAL,Electrical Conductivity,0.3356,S/cm,Reciprocal Resistivity,sigma = 1 / rho
P7-SYNTH-225,P7-SYNTH-225-S01,XRD,Crystallite Size,24.1,nm,Scherrer Equation,D = (K * lambda) / (beta * cos(theta))
P7-SYNTH-225,P7-SYNTH-225-S01,UV_VIS,Optical Band Gap,1.421,eV,Tauc Plot Linear Extrapolation,(alpha * h * nu)^(1/n) vs h * nu
P7-SYNTH-225,P7-SYNTH-225-S01,ELECTRICAL,Electrical Resistance,37063.02,Ohm,Ohm's Law Linear Regression,V = I * R
P7-SYNTH-225,P7-SYNTH-225-S01,ELECTRICAL,Electrical Resistivity,1.1832,Ohm*cm,Geometric Resistance Formula,rho = R * A / L
P7-SYNTH-225,P7-SYNTH-225-S01,ELECTRICAL,Electrical Conductivity,0.84513,S/cm,Reciprocal Resistivity,sigma = 1 / rho
P7-SYNTH-226,P7-SYNTH-226-S01,XRD,Crystallite Size,23.55,nm,Scherrer Equation,D = (K * lambda) / (beta * cos(theta))
P7-SYNTH-226,P7-SYNTH-226-S01,UV_VIS,Optical Band Gap,1.45,eV,Tauc Plot Linear Extrapolation,(alpha * h * nu)^(1/n) vs h * nu
P7-SYNTH-226,P7-SYNTH-226-S01,ELECTRICAL,Electrical Resistance,59302.23,Ohm,Ohm's Law Linear Regression,V = I * R
P7-SYNTH-226,P7-SYNTH-226-S01,ELECTRICAL,Electrical Resistivity,1.5943,Ohm*cm,Geometric Resistance Formula,rho = R * A / L
P7-SYNTH-226,P7-SYNTH-226-S01,ELECTRICAL,Electrical Conductivity,0.62723,S/cm,Reciprocal Resistivity,sigma = 1 / rho
P7-SYNTH-227,P7-SYNTH-227-S01,XRD,Crystallite Size,25.12,nm,Scherrer Equation,D = (K * lambda) / (beta * cos(theta))
P7-SYNTH-227,P7-SYNTH-227-S01,UV_VIS,Optical Band Gap,1.426,eV,Tauc Plot Linear Extrapolation,(alpha * h * nu)^(1/n) vs h * nu
P7-SYNTH-227,P7-SYNTH-227-S01,ELECTRICAL,Electrical Resistance,73365.34,Ohm,Ohm's Law Linear Regression,V = I * R
P7-SYNTH-227,P7-SYNTH-227-S01,ELECTRICAL,Electrical Resistivity,1.6641,Ohm*cm,Geometric Resistance Formula,rho = R * A / L
P7-SYNTH-227,P7-SYNTH-227-S01,ELECTRICAL,Electrical Conductivity,0.60091,S/cm,Reciprocal Resistivity,sigma = 1 / rho
P7-SYNTH-228,P7-SYNTH-228-S01,XRD,Crystallite Size,24.31,nm,Scherrer Equation,D = (K * lambda) / (beta * cos(theta))
P7-SYNTH-228,P7-SYNTH-228-S01,UV_VIS,Optical Band Gap,1.434,eV,Tauc Plot Linear Extrapolation,(alpha * h * nu)^(1/n) vs h * nu
P7-SYNTH-228,P7-SYNTH-228-S01,ELECTRICAL,Electrical Resistance,70046.63,Ohm,Ohm's Law Linear Regression,V = I * R
P7-SYNTH-228,P7-SYNTH-228-S01,ELECTRICAL,Electrical Resistivity,1.9087,Ohm*cm,Geometric Resistance Formula,rho = R * A / L
P7-SYNTH-228,P7-SYNTH-228-S01,ELECTRICAL,Electrical Conductivity,0.52392,S/cm,Reciprocal Resistivity,sigma = 1 / rho
P7-SYNTH-229,P7-SYNTH-229-S01,XRD,Crystallite Size,24.46,nm,Scherrer Equation,D = (K * lambda) / (beta * cos(theta))
P7-SYNTH-229,P7-SYNTH-229-S01,UV_VIS,Optical Band Gap,1.433,eV,Tauc Plot Linear Extrapolation,(alpha * h * nu)^(1/n) vs h * nu
P7-SYNTH-229,P7-SYNTH-229-S01,ELECTRICAL,Electrical Resistance,27916.96,Ohm,Ohm's Law Linear Regression,V = I * R
P7-SYNTH-229,P7-SYNTH-229-S01,ELECTRICAL,Electrical Resistivity,1.0498,Ohm*cm,Geometric Resistance Formula,rho = R * A / L
P7-SYNTH-229,P7-SYNTH-229-S01,ELECTRICAL,Electrical Conductivity,0.95256,S/cm,Reciprocal Resistivity,sigma = 1 / rho
P7-SYNTH-230,P7-SYNTH-230-S01,XRD,Crystallite Size,23.63,nm,Scherrer Equation,D = (K * lambda) / (beta * cos(theta))
P7-SYNTH-231,P7-SYNTH-231-S01,XRD,Crystallite Size,23.32,nm,Scherrer Equation,D = (K * lambda) / (beta * cos(theta))
P7-SYNTH-231,P7-SYNTH-231-S01,ELECTRICAL,Electrical Resistance,18282.47,Ohm,Ohm's Law Linear Regression,V = I * R
P7-SYNTH-231,P7-SYNTH-231-S01,ELECTRICAL,Electrical Resistivity,1.7368,Ohm*cm,Geometric Resistance Formula,rho = R * A / L
P7-SYNTH-231,P7-SYNTH-231-S01,ELECTRICAL,Electrical Conductivity,0.57576,S/cm,Reciprocal Resistivity,sigma = 1 / rho
P7-SYNTH-232,P7-SYNTH-232-S01,XRD,Crystallite Size,24.14,nm,Scherrer Equation,D = (K * lambda) / (beta * cos(theta))
P7-SYNTH-232,P7-SYNTH-232-S01,UV_VIS,Optical Band Gap,1.441,eV,Tauc Plot Linear Extrapolation,(alpha * h * nu)^(1/n) vs h * nu
P7-SYNTH-232,P7-SYNTH-232-S01,ELECTRICAL,Electrical Resistance,78850.24,Ohm,Ohm's Law Linear Regression,V = I * R
P7-SYNTH-232,P7-SYNTH-232-S01,ELECTRICAL,Electrical Resistivity,1.769,Ohm*cm,Geometric Resistance Formula,rho = R * A / L
P7-SYNTH-232,P7-SYNTH-232-S01,ELECTRICAL,Electrical Conductivity,0.5653,S/cm,Reciprocal Resistivity,sigma = 1 / rho
P7-SYNTH-233,P7-SYNTH-233-S01,XRD,Crystallite Size,23.42,nm,Scherrer Equation,D = (K * lambda) / (beta * cos(theta))
P7-SYNTH-233,P7-SYNTH-233-S01,UV_VIS,Optical Band Gap,1.44,eV,Tauc Plot Linear Extrapolation,(alpha * h * nu)^(1/n) vs h * nu
P7-SYNTH-233,P7-SYNTH-233-S01,ELECTRICAL,Electrical Resistance,17325.75,Ohm,Ohm's Law Linear Regression,V = I * R
P7-SYNTH-233,P7-SYNTH-233-S01,ELECTRICAL,Electrical Resistivity,1.6432,Ohm*cm,Geometric Resistance Formula,rho = R * A / L
P7-SYNTH-233,P7-SYNTH-233-S01,ELECTRICAL,Electrical Conductivity,0.60855,S/cm,Reciprocal Resistivity,sigma = 1 / rho
P7-SYNTH-234,P7-SYNTH-234-S01,XRD,Crystallite Size,25.49,nm,Scherrer Equation,D = (K * lambda) / (beta * cos(theta))
P7-SYNTH-234,P7-SYNTH-234-S01,UV_VIS,Optical Band Gap,1.424,eV,Tauc Plot Linear Extrapolation,(alpha * h * nu)^(1/n) vs h * nu
P7-SYNTH-234,P7-SYNTH-234-S01,ELECTRICAL,Electrical Resistance,415690.03,Ohm,Ohm's Law Linear Regression,V = I * R
P7-SYNTH-234,P7-SYNTH-234-S01,ELECTRICAL,Electrical Resistivity,4.2318,Ohm*cm,Geometric Resistance Formula,rho = R * A / L
P7-SYNTH-234,P7-SYNTH-234-S01,ELECTRICAL,Electrical Conductivity,0.23631,S/cm,Reciprocal Resistivity,sigma = 1 / rho
P7-SYNTH-235,P7-SYNTH-235-S01,XRD,Crystallite Size,25.17,nm,Scherrer Equation,D = (K * lambda) / (beta * cos(theta))
P7-SYNTH-235,P7-SYNTH-235-S01,UV_VIS,Optical Band Gap,1.468,eV,Tauc Plot Linear Extrapolation,(alpha * h * nu)^(1/n) vs h * nu
P7-SYNTH-235,P7-SYNTH-235-S01,ELECTRICAL,Electrical Resistance,16148.32,Ohm,Ohm's Law Linear Regression,V = I * R
P7-SYNTH-235,P7-SYNTH-235-S01,ELECTRICAL,Electrical Resistivity,1.0541,Ohm*cm,Geometric Resistance Formula,rho = R * A / L
P7-SYNTH-235,P7-SYNTH-235-S01,ELECTRICAL,Electrical Conductivity,0.94863,S/cm,Reciprocal Resistivity,sigma = 1 / rho
P7-SYNTH-236,P7-SYNTH-236-S01,XRD,Crystallite Size,24.66,nm,Scherrer Equation,D = (K * lambda) / (beta * cos(theta))
P7-SYNTH-236,P7-SYNTH-236-S01,UV_VIS,Optical Band Gap,1.448,eV,Tauc Plot Linear Extrapolation,(alpha * h * nu)^(1/n) vs h * nu
P7-SYNTH-236,P7-SYNTH-236-S01,ELECTRICAL,Electrical Resistance,117377.63,Ohm,Ohm's Law Linear Regression,V = I * R
P7-SYNTH-236,P7-SYNTH-236-S01,ELECTRICAL,Electrical Resistivity,2.053,Ohm*cm,Geometric Resistance Formula,rho = R * A / L
P7-SYNTH-236,P7-SYNTH-236-S01,ELECTRICAL,Electrical Conductivity,0.4871,S/cm,Reciprocal Resistivity,sigma = 1 / rho
P7-SYNTH-237,P7-SYNTH-237-S01,XRD,Crystallite Size,24.73,nm,Scherrer Equation,D = (K * lambda) / (beta * cos(theta))
P7-SYNTH-237,P7-SYNTH-237-S01,ELECTRICAL,Electrical Resistance,17874.83,Ohm,Ohm's Law Linear Regression,V = I * R
P7-SYNTH-237,P7-SYNTH-237-S01,ELECTRICAL,Electrical Resistivity,1.1961,Ohm*cm,Geometric Resistance Formula,rho = R * A / L
P7-SYNTH-237,P7-SYNTH-237-S01,ELECTRICAL,Electrical Conductivity,0.83604,S/cm,Reciprocal Resistivity,sigma = 1 / rho
P7-SYNTH-238,P7-SYNTH-238-S01,XRD,Crystallite Size,22.46,nm,Scherrer Equation,D = (K * lambda) / (beta * cos(theta))
P7-SYNTH-238,P7-SYNTH-238-S01,UV_VIS,Optical Band Gap,1.44,eV,Tauc Plot Linear Extrapolation,(alpha * h * nu)^(1/n) vs h * nu
P7-SYNTH-238,P7-SYNTH-238-S01,ELECTRICAL,Electrical Resistance,45706.66,Ohm,Ohm's Law Linear Regression,V = I * R
P7-SYNTH-238,P7-SYNTH-238-S01,ELECTRICAL,Electrical Resistivity,1.4479,Ohm*cm,Geometric Resistance Formula,rho = R * A / L
P7-SYNTH-238,P7-SYNTH-238-S01,ELECTRICAL,Electrical Conductivity,0.69064,S/cm,Reciprocal Resistivity,sigma = 1 / rho
P7-SYNTH-239,P7-SYNTH-239-S01,XRD,Crystallite Size,23.02,nm,Scherrer Equation,D = (K * lambda) / (beta * cos(theta))
P7-SYNTH-239,P7-SYNTH-239-S01,UV_VIS,Optical Band Gap,1.401,eV,Tauc Plot Linear Extrapolation,(alpha * h * nu)^(1/n) vs h * nu
P7-SYNTH-239,P7-SYNTH-239-S01,ELECTRICAL,Electrical Resistance,64534.43,Ohm,Ohm's Law Linear Regression,V = I * R
P7-SYNTH-239,P7-SYNTH-239-S01,ELECTRICAL,Electrical Resistivity,1.7294,Ohm*cm,Geometric Resistance Formula,rho = R * A / L
P7-SYNTH-239,P7-SYNTH-239-S01,ELECTRICAL,Electrical Conductivity,0.57825,S/cm,Reciprocal Resistivity,sigma = 1 / rho
P7-SYNTH-240,P7-SYNTH-240-S01,XRD,Crystallite Size,24.15,nm,Scherrer Equation,D = (K * lambda) / (beta * cos(theta))
P7-SYNTH-240,P7-SYNTH-240-S01,UV_VIS,Optical Band Gap,1.45,eV,Tauc Plot Linear Extrapolation,(alpha * h * nu)^(1/n) vs h * nu
P7-SYNTH-240,P7-SYNTH-240-S01,ELECTRICAL,Electrical Resistance,64265.32,Ohm,Ohm's Law Linear Regression,V = I * R
P7-SYNTH-240,P7-SYNTH-240-S01,ELECTRICAL,Electrical Resistivity,1.6982,Ohm*cm,Geometric Resistance Formula,rho = R * A / L
P7-SYNTH-240,P7-SYNTH-240-S01,ELECTRICAL,Electrical Conductivity,0.58885,S/cm,Reciprocal Resistivity,sigma = 1 / rho
P7-SYNTH-241,P7-SYNTH-241-S01,XRD,Crystallite Size,25.36,nm,Scherrer Equation,D = (K * lambda) / (beta * cos(theta))
P7-SYNTH-241,P7-SYNTH-241-S01,UV_VIS,Optical Band Gap,1.426,eV,Tauc Plot Linear Extrapolation,(alpha * h * nu)^(1/n) vs h * nu
P7-SYNTH-241,P7-SYNTH-241-S01,ELECTRICAL,Electrical Resistance,771589.79,Ohm,Ohm's Law Linear Regression,V = I * R
P7-SYNTH-241,P7-SYNTH-241-S01,ELECTRICAL,Electrical Resistivity,7.377,Ohm*cm,Geometric Resistance Formula,rho = R * A / L
P7-SYNTH-241,P7-SYNTH-241-S01,ELECTRICAL,Electrical Conductivity,0.13556,S/cm,Reciprocal Resistivity,sigma = 1 / rho
P7-SYNTH-242,P7-SYNTH-242-S01,ELECTRICAL,Electrical Resistance,27505.56,Ohm,Ohm's Law Linear Regression,V = I * R
P7-SYNTH-242,P7-SYNTH-242-S01,ELECTRICAL,Electrical Resistivity,1.4509,Ohm*cm,Geometric Resistance Formula,rho = R * A / L
P7-SYNTH-242,P7-SYNTH-242-S01,ELECTRICAL,Electrical Conductivity,0.68922,S/cm,Reciprocal Resistivity,sigma = 1 / rho
P7-SYNTH-243,P7-SYNTH-243-S01,XRD,Crystallite Size,25.3,nm,Scherrer Equation,D = (K * lambda) / (beta * cos(theta))
P7-SYNTH-243,P7-SYNTH-243-S01,UV_VIS,Optical Band Gap,1.448,eV,Tauc Plot Linear Extrapolation,(alpha * h * nu)^(1/n) vs h * nu
P7-SYNTH-243,P7-SYNTH-243-S01,ELECTRICAL,Electrical Resistance,15884.84,Ohm,Ohm's Law Linear Regression,V = I * R
P7-SYNTH-243,P7-SYNTH-243-S01,ELECTRICAL,Electrical Resistivity,1.069,Ohm*cm,Geometric Resistance Formula,rho = R * A / L
P7-SYNTH-243,P7-SYNTH-243-S01,ELECTRICAL,Electrical Conductivity,0.93548,S/cm,Reciprocal Resistivity,sigma = 1 / rho
P7-SYNTH-244,P7-SYNTH-244-S01,XRD,Crystallite Size,23.57,nm,Scherrer Equation,D = (K * lambda) / (beta * cos(theta))
P7-SYNTH-244,P7-SYNTH-244-S01,UV_VIS,Optical Band Gap,1.439,eV,Tauc Plot Linear Extrapolation,(alpha * h * nu)^(1/n) vs h * nu
P7-SYNTH-244,P7-SYNTH-244-S01,ELECTRICAL,Electrical Resistance,1475591.23,Ohm,Ohm's Law Linear Regression,V = I * R
P7-SYNTH-244,P7-SYNTH-244-S01,ELECTRICAL,Electrical Resistivity,10.3291,Ohm*cm,Geometric Resistance Formula,rho = R * A / L
P7-SYNTH-244,P7-SYNTH-244-S01,ELECTRICAL,Electrical Conductivity,0.09681,S/cm,Reciprocal Resistivity,sigma = 1 / rho
P7-SYNTH-245,P7-SYNTH-245-S01,XRD,Crystallite Size,25.21,nm,Scherrer Equation,D = (K * lambda) / (beta * cos(theta))
P7-SYNTH-245,P7-SYNTH-245-S01,UV_VIS,Optical Band Gap,1.438,eV,Tauc Plot Linear Extrapolation,(alpha * h * nu)^(1/n) vs h * nu
P7-SYNTH-245,P7-SYNTH-245-S01,ELECTRICAL,Electrical Resistance,28919.97,Ohm,Ohm's Law Linear Regression,V = I * R
P7-SYNTH-245,P7-SYNTH-245-S01,ELECTRICAL,Electrical Resistivity,1.1081,Ohm*cm,Geometric Resistance Formula,rho = R * A / L
P7-SYNTH-245,P7-SYNTH-245-S01,ELECTRICAL,Electrical Conductivity,0.90241,S/cm,Reciprocal Resistivity,sigma = 1 / rho
P7-SYNTH-246,P7-SYNTH-246-S01,XRD,Crystallite Size,23.3,nm,Scherrer Equation,D = (K * lambda) / (beta * cos(theta))
P7-SYNTH-246,P7-SYNTH-246-S01,ELECTRICAL,Electrical Resistance,37418.84,Ohm,Ohm's Law Linear Regression,V = I * R
P7-SYNTH-246,P7-SYNTH-246-S01,ELECTRICAL,Electrical Resistivity,1.6516,Ohm*cm,Geometric Resistance Formula,rho = R * A / L
P7-SYNTH-246,P7-SYNTH-246-S01,ELECTRICAL,Electrical Conductivity,0.60547,S/cm,Reciprocal Resistivity,sigma = 1 / rho
P7-SYNTH-247,P7-SYNTH-247-S01,XRD,Crystallite Size,24.45,nm,Scherrer Equation,D = (K * lambda) / (beta * cos(theta))
P7-SYNTH-247,P7-SYNTH-247-S01,UV_VIS,Optical Band Gap,1.428,eV,Tauc Plot Linear Extrapolation,(alpha * h * nu)^(1/n) vs h * nu
P7-SYNTH-247,P7-SYNTH-247-S01,ELECTRICAL,Electrical Resistance,26478.21,Ohm,Ohm's Law Linear Regression,V = I * R
P7-SYNTH-247,P7-SYNTH-247-S01,ELECTRICAL,Electrical Resistivity,1.1244,Ohm*cm,Geometric Resistance Formula,rho = R * A / L
P7-SYNTH-247,P7-SYNTH-247-S01,ELECTRICAL,Electrical Conductivity,0.88937,S/cm,Reciprocal Resistivity,sigma = 1 / rho
P7-SYNTH-248,P7-SYNTH-248-S01,XRD,Crystallite Size,23.01,nm,Scherrer Equation,D = (K * lambda) / (beta * cos(theta))
P7-SYNTH-248,P7-SYNTH-248-S01,UV_VIS,Optical Band Gap,1.433,eV,Tauc Plot Linear Extrapolation,(alpha * h * nu)^(1/n) vs h * nu
P7-SYNTH-248,P7-SYNTH-248-S01,ELECTRICAL,Electrical Resistance,18925.31,Ohm,Ohm's Law Linear Regression,V = I * R
P7-SYNTH-248,P7-SYNTH-248-S01,ELECTRICAL,Electrical Resistivity,1.7979,Ohm*cm,Geometric Resistance Formula,rho = R * A / L
P7-SYNTH-248,P7-SYNTH-248-S01,ELECTRICAL,Electrical Conductivity,0.5562,S/cm,Reciprocal Resistivity,sigma = 1 / rho
P7-SYNTH-249,P7-SYNTH-249-S01,XRD,Crystallite Size,23.55,nm,Scherrer Equation,D = (K * lambda) / (beta * cos(theta))
P7-SYNTH-249,P7-SYNTH-249-S01,UV_VIS,Optical Band Gap,1.422,eV,Tauc Plot Linear Extrapolation,(alpha * h * nu)^(1/n) vs h * nu
P7-SYNTH-249,P7-SYNTH-249-S01,ELECTRICAL,Electrical Resistance,68904.86,Ohm,Ohm's Law Linear Regression,V = I * R
P7-SYNTH-249,P7-SYNTH-249-S01,ELECTRICAL,Electrical Resistivity,1.6213,Ohm*cm,Geometric Resistance Formula,rho = R * A / L
P7-SYNTH-249,P7-SYNTH-249-S01,ELECTRICAL,Electrical Conductivity,0.61678,S/cm,Reciprocal Resistivity,sigma = 1 / rho
P7-SYNTH-250,P7-SYNTH-250-S01,XRD,Crystallite Size,25.31,nm,Scherrer Equation,D = (K * lambda) / (beta * cos(theta))
P7-SYNTH-250,P7-SYNTH-250-S01,UV_VIS,Optical Band Gap,1.445,eV,Tauc Plot Linear Extrapolation,(alpha * h * nu)^(1/n) vs h * nu
P7-SYNTH-250,P7-SYNTH-250-S01,ELECTRICAL,Electrical Resistance,63575.43,Ohm,Ohm's Law Linear Regression,V = I * R
P7-SYNTH-250,P7-SYNTH-250-S01,ELECTRICAL,Electrical Resistivity,1.5056,Ohm*cm,Geometric Resistance Formula,rho = R * A / L
P7-SYNTH-250,P7-SYNTH-250-S01,ELECTRICAL,Electrical Conductivity,0.6642,S/cm,Reciprocal Resistivity,sigma = 1 / rho
P7-SYNTH-251,P7-SYNTH-251-S01,XRD,Crystallite Size,25.0,nm,Scherrer Equation,D = (K * lambda) / (beta * cos(theta))
P7-SYNTH-251,P7-SYNTH-251-S01,UV_VIS,Optical Band Gap,1.448,eV,Tauc Plot Linear Extrapolation,(alpha * h * nu)^(1/n) vs h * nu
P7-SYNTH-251,P7-SYNTH-251-S01,ELECTRICAL,Electrical Resistance,18888.01,Ohm,Ohm's Law Linear Regression,V = I * R
P7-SYNTH-251,P7-SYNTH-251-S01,ELECTRICAL,Electrical Resistivity,1.1194,Ohm*cm,Geometric Resistance Formula,rho = R * A / L
P7-SYNTH-251,P7-SYNTH-251-S01,ELECTRICAL,Electrical Conductivity,0.89338,S/cm,Reciprocal Resistivity,sigma = 1 / rho
P7-SYNTH-252,P7-SYNTH-252-S01,XRD,Crystallite Size,23.08,nm,Scherrer Equation,D = (K * lambda) / (beta * cos(theta))
P7-SYNTH-252,P7-SYNTH-252-S01,ELECTRICAL,Electrical Resistance,21297.52,Ohm,Ohm's Law Linear Regression,V = I * R
P7-SYNTH-252,P7-SYNTH-252-S01,ELECTRICAL,Electrical Resistivity,1.6565,Ohm*cm,Geometric Resistance Formula,rho = R * A / L
P7-SYNTH-252,P7-SYNTH-252-S01,ELECTRICAL,Electrical Conductivity,0.60369,S/cm,Reciprocal Resistivity,sigma = 1 / rho
P7-SYNTH-253,P7-SYNTH-253-S01,XRD,Crystallite Size,23.57,nm,Scherrer Equation,D = (K * lambda) / (beta * cos(theta))
P7-SYNTH-253,P7-SYNTH-253-S01,UV_VIS,Optical Band Gap,1.418,eV,Tauc Plot Linear Extrapolation,(alpha * h * nu)^(1/n) vs h * nu
P7-SYNTH-253,P7-SYNTH-253-S01,ELECTRICAL,Electrical Resistance,25384.96,Ohm,Ohm's Law Linear Regression,V = I * R
P7-SYNTH-253,P7-SYNTH-253-S01,ELECTRICAL,Electrical Resistivity,1.0323,Ohm*cm,Geometric Resistance Formula,rho = R * A / L
P7-SYNTH-253,P7-SYNTH-253-S01,ELECTRICAL,Electrical Conductivity,0.9687,S/cm,Reciprocal Resistivity,sigma = 1 / rho
P7-SYNTH-254,P7-SYNTH-254-S01,XRD,Crystallite Size,23.52,nm,Scherrer Equation,D = (K * lambda) / (beta * cos(theta))
P7-SYNTH-254,P7-SYNTH-254-S01,UV_VIS,Optical Band Gap,1.452,eV,Tauc Plot Linear Extrapolation,(alpha * h * nu)^(1/n) vs h * nu
P7-SYNTH-254,P7-SYNTH-254-S01,ELECTRICAL,Electrical Resistance,36644.1,Ohm,Ohm's Law Linear Regression,V = I * R
P7-SYNTH-254,P7-SYNTH-254-S01,ELECTRICAL,Electrical Resistivity,1.7146,Ohm*cm,Geometric Resistance Formula,rho = R * A / L
P7-SYNTH-254,P7-SYNTH-254-S01,ELECTRICAL,Electrical Conductivity,0.58322,S/cm,Reciprocal Resistivity,sigma = 1 / rho
P7-SYNTH-255,P7-SYNTH-255-S01,XRD,Crystallite Size,23.61,nm,Scherrer Equation,D = (K * lambda) / (beta * cos(theta))
P7-SYNTH-255,P7-SYNTH-255-S01,ELECTRICAL,Electrical Resistance,26211.02,Ohm,Ohm's Law Linear Regression,V = I * R
P7-SYNTH-255,P7-SYNTH-255-S01,ELECTRICAL,Electrical Resistivity,1.0578,Ohm*cm,Geometric Resistance Formula,rho = R * A / L
P7-SYNTH-255,P7-SYNTH-255-S01,ELECTRICAL,Electrical Conductivity,0.9454,S/cm,Reciprocal Resistivity,sigma = 1 / rho
P7-SYNTH-256,P7-SYNTH-256-S01,XRD,Crystallite Size,23.48,nm,Scherrer Equation,D = (K * lambda) / (beta * cos(theta))
P7-SYNTH-256,P7-SYNTH-256-S01,UV_VIS,Optical Band Gap,1.461,eV,Tauc Plot Linear Extrapolation,(alpha * h * nu)^(1/n) vs h * nu
P7-SYNTH-256,P7-SYNTH-256-S01,ELECTRICAL,Electrical Resistance,24813.66,Ohm,Ohm's Law Linear Regression,V = I * R
P7-SYNTH-256,P7-SYNTH-256-S01,ELECTRICAL,Electrical Resistivity,1.7543,Ohm*cm,Geometric Resistance Formula,rho = R * A / L
P7-SYNTH-256,P7-SYNTH-256-S01,ELECTRICAL,Electrical Conductivity,0.57003,S/cm,Reciprocal Resistivity,sigma = 1 / rho
P7-SYNTH-257,P7-SYNTH-257-S01,XRD,Crystallite Size,22.5,nm,Scherrer Equation,D = (K * lambda) / (beta * cos(theta))
P7-SYNTH-257,P7-SYNTH-257-S01,UV_VIS,Optical Band Gap,1.496,eV,Tauc Plot Linear Extrapolation,(alpha * h * nu)^(1/n) vs h * nu
P7-SYNTH-257,P7-SYNTH-257-S01,ELECTRICAL,Electrical Resistance,29704.71,Ohm,Ohm's Law Linear Regression,V = I * R
P7-SYNTH-257,P7-SYNTH-257-S01,ELECTRICAL,Electrical Resistivity,1.0103,Ohm*cm,Geometric Resistance Formula,rho = R * A / L
P7-SYNTH-257,P7-SYNTH-257-S01,ELECTRICAL,Electrical Conductivity,0.98983,S/cm,Reciprocal Resistivity,sigma = 1 / rho
P7-SYNTH-258,P7-SYNTH-258-S01,XRD,Crystallite Size,23.48,nm,Scherrer Equation,D = (K * lambda) / (beta * cos(theta))
P7-SYNTH-258,P7-SYNTH-258-S01,UV_VIS,Optical Band Gap,1.416,eV,Tauc Plot Linear Extrapolation,(alpha * h * nu)^(1/n) vs h * nu
P7-SYNTH-258,P7-SYNTH-258-S01,ELECTRICAL,Electrical Resistance,35048.48,Ohm,Ohm's Law Linear Regression,V = I * R
P7-SYNTH-258,P7-SYNTH-258-S01,ELECTRICAL,Electrical Resistivity,1.5631,Ohm*cm,Geometric Resistance Formula,rho = R * A / L
P7-SYNTH-258,P7-SYNTH-258-S01,ELECTRICAL,Electrical Conductivity,0.63976,S/cm,Reciprocal Resistivity,sigma = 1 / rho
P7-SYNTH-259,P7-SYNTH-259-S01,XRD,Crystallite Size,24.34,nm,Scherrer Equation,D = (K * lambda) / (beta * cos(theta))
P7-SYNTH-259,P7-SYNTH-259-S01,ELECTRICAL,Electrical Resistance,18580.39,Ohm,Ohm's Law Linear Regression,V = I * R
P7-SYNTH-259,P7-SYNTH-259-S01,ELECTRICAL,Electrical Resistivity,1.0476,Ohm*cm,Geometric Resistance Formula,rho = R * A / L
P7-SYNTH-259,P7-SYNTH-259-S01,ELECTRICAL,Electrical Conductivity,0.95459,S/cm,Reciprocal Resistivity,sigma = 1 / rho
P7-SYNTH-260,P7-SYNTH-260-S01,XRD,Crystallite Size,22.29,nm,Scherrer Equation,D = (K * lambda) / (beta * cos(theta))
P7-SYNTH-260,P7-SYNTH-260-S01,UV_VIS,Optical Band Gap,1.461,eV,Tauc Plot Linear Extrapolation,(alpha * h * nu)^(1/n) vs h * nu
P7-SYNTH-260,P7-SYNTH-260-S01,ELECTRICAL,Electrical Resistance,51736.67,Ohm,Ohm's Law Linear Regression,V = I * R
P7-SYNTH-260,P7-SYNTH-260-S01,ELECTRICAL,Electrical Resistivity,1.3963,Ohm*cm,Geometric Resistance Formula,rho = R * A / L
P7-SYNTH-260,P7-SYNTH-260-S01,ELECTRICAL,Electrical Conductivity,0.71617,S/cm,Reciprocal Resistivity,sigma = 1 / rho
P7-SYNTH-261,P7-SYNTH-261-S01,XRD,Crystallite Size,23.69,nm,Scherrer Equation,D = (K * lambda) / (beta * cos(theta))
P7-SYNTH-261,P7-SYNTH-261-S01,UV_VIS,Optical Band Gap,1.455,eV,Tauc Plot Linear Extrapolation,(alpha * h * nu)^(1/n) vs h * nu
P7-SYNTH-261,P7-SYNTH-261-S01,ELECTRICAL,Electrical Resistance,30419.29,Ohm,Ohm's Law Linear Regression,V = I * R
P7-SYNTH-261,P7-SYNTH-261-S01,ELECTRICAL,Electrical Resistivity,1.2461,Ohm*cm,Geometric Resistance Formula,rho = R * A / L
P7-SYNTH-261,P7-SYNTH-261-S01,ELECTRICAL,Electrical Conductivity,0.8025,S/cm,Reciprocal Resistivity,sigma = 1 / rho
P7-SYNTH-262,P7-SYNTH-262-S01,XRD,Crystallite Size,23.03,nm,Scherrer Equation,D = (K * lambda) / (beta * cos(theta))
P7-SYNTH-262,P7-SYNTH-262-S01,UV_VIS,Optical Band Gap,1.442,eV,Tauc Plot Linear Extrapolation,(alpha * h * nu)^(1/n) vs h * nu
P7-SYNTH-262,P7-SYNTH-262-S01,ELECTRICAL,Electrical Resistance,27379.32,Ohm,Ohm's Law Linear Regression,V = I * R
P7-SYNTH-262,P7-SYNTH-262-S01,ELECTRICAL,Electrical Resistivity,1.5084,Ohm*cm,Geometric Resistance Formula,rho = R * A / L
P7-SYNTH-262,P7-SYNTH-262-S01,ELECTRICAL,Electrical Conductivity,0.66297,S/cm,Reciprocal Resistivity,sigma = 1 / rho
P7-SYNTH-263,P7-SYNTH-263-S01,XRD,Crystallite Size,24.64,nm,Scherrer Equation,D = (K * lambda) / (beta * cos(theta))
P7-SYNTH-263,P7-SYNTH-263-S01,UV_VIS,Optical Band Gap,1.425,eV,Tauc Plot Linear Extrapolation,(alpha * h * nu)^(1/n) vs h * nu
P7-SYNTH-263,P7-SYNTH-263-S01,ELECTRICAL,Electrical Resistance,64436.82,Ohm,Ohm's Law Linear Regression,V = I * R
P7-SYNTH-263,P7-SYNTH-263-S01,ELECTRICAL,Electrical Resistivity,1.2145,Ohm*cm,Geometric Resistance Formula,rho = R * A / L
P7-SYNTH-263,P7-SYNTH-263-S01,ELECTRICAL,Electrical Conductivity,0.82341,S/cm,Reciprocal Resistivity,sigma = 1 / rho
P7-SYNTH-264,P7-SYNTH-264-S01,XRD,Crystallite Size,24.69,nm,Scherrer Equation,D = (K * lambda) / (beta * cos(theta))
P7-SYNTH-264,P7-SYNTH-264-S01,UV_VIS,Optical Band Gap,1.414,eV,Tauc Plot Linear Extrapolation,(alpha * h * nu)^(1/n) vs h * nu
P7-SYNTH-264,P7-SYNTH-264-S01,ELECTRICAL,Electrical Resistance,46160.0,Ohm,Ohm's Law Linear Regression,V = I * R
P7-SYNTH-264,P7-SYNTH-264-S01,ELECTRICAL,Electrical Resistivity,1.6867,Ohm*cm,Geometric Resistance Formula,rho = R * A / L
P7-SYNTH-264,P7-SYNTH-264-S01,ELECTRICAL,Electrical Conductivity,0.59286,S/cm,Reciprocal Resistivity,sigma = 1 / rho
P7-SYNTH-265,P7-SYNTH-265-S01,XRD,Crystallite Size,23.57,nm,Scherrer Equation,D = (K * lambda) / (beta * cos(theta))
P7-SYNTH-265,P7-SYNTH-265-S01,ELECTRICAL,Electrical Resistance,38476.45,Ohm,Ohm's Law Linear Regression,V = I * R
P7-SYNTH-265,P7-SYNTH-265-S01,ELECTRICAL,Electrical Resistivity,1.1605,Ohm*cm,Geometric Resistance Formula,rho = R * A / L
P7-SYNTH-265,P7-SYNTH-265-S01,ELECTRICAL,Electrical Conductivity,0.86173,S/cm,Reciprocal Resistivity,sigma = 1 / rho
P7-SYNTH-266,P7-SYNTH-266-S01,XRD,Crystallite Size,23.06,nm,Scherrer Equation,D = (K * lambda) / (beta * cos(theta))
P7-SYNTH-266,P7-SYNTH-266-S01,UV_VIS,Optical Band Gap,1.425,eV,Tauc Plot Linear Extrapolation,(alpha * h * nu)^(1/n) vs h * nu
P7-SYNTH-266,P7-SYNTH-266-S01,ELECTRICAL,Electrical Resistance,45086.57,Ohm,Ohm's Law Linear Regression,V = I * R
P7-SYNTH-266,P7-SYNTH-266-S01,ELECTRICAL,Electrical Resistivity,1.6276,Ohm*cm,Geometric Resistance Formula,rho = R * A / L
P7-SYNTH-266,P7-SYNTH-266-S01,ELECTRICAL,Electrical Conductivity,0.61439,S/cm,Reciprocal Resistivity,sigma = 1 / rho
P7-SYNTH-267,P7-SYNTH-267-S01,XRD,Crystallite Size,24.43,nm,Scherrer Equation,D = (K * lambda) / (beta * cos(theta))
P7-SYNTH-267,P7-SYNTH-267-S01,UV_VIS,Optical Band Gap,1.459,eV,Tauc Plot Linear Extrapolation,(alpha * h * nu)^(1/n) vs h * nu
P7-SYNTH-267,P7-SYNTH-267-S01,ELECTRICAL,Electrical Resistance,22818.7,Ohm,Ohm's Law Linear Regression,V = I * R
P7-SYNTH-267,P7-SYNTH-267-S01,ELECTRICAL,Electrical Resistivity,0.9623,Ohm*cm,Geometric Resistance Formula,rho = R * A / L
P7-SYNTH-267,P7-SYNTH-267-S01,ELECTRICAL,Electrical Conductivity,1.03921,S/cm,Reciprocal Resistivity,sigma = 1 / rho
P7-SYNTH-268,P7-SYNTH-268-S01,XRD,Crystallite Size,23.68,nm,Scherrer Equation,D = (K * lambda) / (beta * cos(theta))
P7-SYNTH-268,P7-SYNTH-268-S01,UV_VIS,Optical Band Gap,1.438,eV,Tauc Plot Linear Extrapolation,(alpha * h * nu)^(1/n) vs h * nu
P7-SYNTH-268,P7-SYNTH-268-S01,ELECTRICAL,Electrical Resistance,49073.07,Ohm,Ohm's Law Linear Regression,V = I * R
P7-SYNTH-268,P7-SYNTH-268-S01,ELECTRICAL,Electrical Resistivity,1.6017,Ohm*cm,Geometric Resistance Formula,rho = R * A / L
P7-SYNTH-268,P7-SYNTH-268-S01,ELECTRICAL,Electrical Conductivity,0.62433,S/cm,Reciprocal Resistivity,sigma = 1 / rho
P7-SYNTH-269,P7-SYNTH-269-S01,XRD,Crystallite Size,22.58,nm,Scherrer Equation,D = (K * lambda) / (beta * cos(theta))
P7-SYNTH-269,P7-SYNTH-269-S01,UV_VIS,Optical Band Gap,1.443,eV,Tauc Plot Linear Extrapolation,(alpha * h * nu)^(1/n) vs h * nu
P7-SYNTH-269,P7-SYNTH-269-S01,ELECTRICAL,Electrical Resistance,36046.45,Ohm,Ohm's Law Linear Regression,V = I * R
P7-SYNTH-269,P7-SYNTH-269-S01,ELECTRICAL,Electrical Resistivity,1.1139,Ohm*cm,Geometric Resistance Formula,rho = R * A / L
P7-SYNTH-269,P7-SYNTH-269-S01,ELECTRICAL,Electrical Conductivity,0.89773,S/cm,Reciprocal Resistivity,sigma = 1 / rho
P7-SYNTH-270,P7-SYNTH-270-S01,XRD,Crystallite Size,23.62,nm,Scherrer Equation,D = (K * lambda) / (beta * cos(theta))
P7-SYNTH-270,P7-SYNTH-270-S01,ELECTRICAL,Electrical Resistance,75356.95,Ohm,Ohm's Law Linear Regression,V = I * R
P7-SYNTH-270,P7-SYNTH-270-S01,ELECTRICAL,Electrical Resistivity,1.7592,Ohm*cm,Geometric Resistance Formula,rho = R * A / L
P7-SYNTH-270,P7-SYNTH-270-S01,ELECTRICAL,Electrical Conductivity,0.56845,S/cm,Reciprocal Resistivity,sigma = 1 / rho
P7-SYNTH-271,P7-SYNTH-271-S01,XRD,Crystallite Size,22.94,nm,Scherrer Equation,D = (K * lambda) / (beta * cos(theta))
P7-SYNTH-271,P7-SYNTH-271-S01,ELECTRICAL,Electrical Resistance,67164.41,Ohm,Ohm's Law Linear Regression,V = I * R
P7-SYNTH-271,P7-SYNTH-271-S01,ELECTRICAL,Electrical Resistivity,1.3341,Ohm*cm,Geometric Resistance Formula,rho = R * A / L
P7-SYNTH-271,P7-SYNTH-271-S01,ELECTRICAL,Electrical Conductivity,0.74959,S/cm,Reciprocal Resistivity,sigma = 1 / rho
P7-SYNTH-272,P7-SYNTH-272-S01,XRD,Crystallite Size,23.17,nm,Scherrer Equation,D = (K * lambda) / (beta * cos(theta))
P7-SYNTH-272,P7-SYNTH-272-S01,UV_VIS,Optical Band Gap,1.442,eV,Tauc Plot Linear Extrapolation,(alpha * h * nu)^(1/n) vs h * nu
P7-SYNTH-272,P7-SYNTH-272-S01,ELECTRICAL,Electrical Resistance,56902.98,Ohm,Ohm's Law Linear Regression,V = I * R
P7-SYNTH-272,P7-SYNTH-272-S01,ELECTRICAL,Electrical Resistivity,1.4687,Ohm*cm,Geometric Resistance Formula,rho = R * A / L
P7-SYNTH-272,P7-SYNTH-272-S01,ELECTRICAL,Electrical Conductivity,0.68089,S/cm,Reciprocal Resistivity,sigma = 1 / rho
P7-SYNTH-273,P7-SYNTH-273-S01,XRD,Crystallite Size,23.26,nm,Scherrer Equation,D = (K * lambda) / (beta * cos(theta))
P7-SYNTH-273,P7-SYNTH-273-S01,UV_VIS,Optical Band Gap,1.428,eV,Tauc Plot Linear Extrapolation,(alpha * h * nu)^(1/n) vs h * nu
P7-SYNTH-273,P7-SYNTH-273-S01,ELECTRICAL,Electrical Resistance,44732.54,Ohm,Ohm's Law Linear Regression,V = I * R
P7-SYNTH-273,P7-SYNTH-273-S01,ELECTRICAL,Electrical Resistivity,1.1606,Ohm*cm,Geometric Resistance Formula,rho = R * A / L
P7-SYNTH-273,P7-SYNTH-273-S01,ELECTRICAL,Electrical Conductivity,0.86165,S/cm,Reciprocal Resistivity,sigma = 1 / rho
P7-SYNTH-274,P7-SYNTH-274-S01,XRD,Crystallite Size,24.68,nm,Scherrer Equation,D = (K * lambda) / (beta * cos(theta))
P7-SYNTH-274,P7-SYNTH-274-S01,UV_VIS,Optical Band Gap,1.448,eV,Tauc Plot Linear Extrapolation,(alpha * h * nu)^(1/n) vs h * nu
P7-SYNTH-274,P7-SYNTH-274-S01,ELECTRICAL,Electrical Resistance,62635.62,Ohm,Ohm's Law Linear Regression,V = I * R
P7-SYNTH-274,P7-SYNTH-274-S01,ELECTRICAL,Electrical Resistivity,1.4445,Ohm*cm,Geometric Resistance Formula,rho = R * A / L
P7-SYNTH-274,P7-SYNTH-274-S01,ELECTRICAL,Electrical Conductivity,0.6923,S/cm,Reciprocal Resistivity,sigma = 1 / rho
P7-SYNTH-275,P7-SYNTH-275-S01,XRD,Crystallite Size,23.47,nm,Scherrer Equation,D = (K * lambda) / (beta * cos(theta))
P7-SYNTH-275,P7-SYNTH-275-S01,UV_VIS,Optical Band Gap,1.45,eV,Tauc Plot Linear Extrapolation,(alpha * h * nu)^(1/n) vs h * nu
P7-SYNTH-275,P7-SYNTH-275-S01,ELECTRICAL,Electrical Resistance,101710.8,Ohm,Ohm's Law Linear Regression,V = I * R
P7-SYNTH-275,P7-SYNTH-275-S01,ELECTRICAL,Electrical Resistivity,1.6166,Ohm*cm,Geometric Resistance Formula,rho = R * A / L
P7-SYNTH-275,P7-SYNTH-275-S01,ELECTRICAL,Electrical Conductivity,0.61857,S/cm,Reciprocal Resistivity,sigma = 1 / rho
P7-SYNTH-276,P7-SYNTH-276-S01,XRD,Crystallite Size,23.42,nm,Scherrer Equation,D = (K * lambda) / (beta * cos(theta))
P7-SYNTH-276,P7-SYNTH-276-S01,UV_VIS,Optical Band Gap,1.431,eV,Tauc Plot Linear Extrapolation,(alpha * h * nu)^(1/n) vs h * nu
P7-SYNTH-276,P7-SYNTH-276-S01,ELECTRICAL,Electrical Resistance,108618.95,Ohm,Ohm's Law Linear Regression,V = I * R
P7-SYNTH-276,P7-SYNTH-276-S01,ELECTRICAL,Electrical Resistivity,1.9756,Ohm*cm,Geometric Resistance Formula,rho = R * A / L
P7-SYNTH-276,P7-SYNTH-276-S01,ELECTRICAL,Electrical Conductivity,0.50617,S/cm,Reciprocal Resistivity,sigma = 1 / rho
P7-SYNTH-277,P7-SYNTH-277-S01,XRD,Crystallite Size,23.75,nm,Scherrer Equation,D = (K * lambda) / (beta * cos(theta))
P7-SYNTH-277,P7-SYNTH-277-S01,UV_VIS,Optical Band Gap,1.438,eV,Tauc Plot Linear Extrapolation,(alpha * h * nu)^(1/n) vs h * nu
P7-SYNTH-277,P7-SYNTH-277-S01,ELECTRICAL,Electrical Resistance,37773.69,Ohm,Ohm's Law Linear Regression,V = I * R
P7-SYNTH-277,P7-SYNTH-277-S01,ELECTRICAL,Electrical Resistivity,0.9817,Ohm*cm,Geometric Resistance Formula,rho = R * A / L
P7-SYNTH-277,P7-SYNTH-277-S01,ELECTRICAL,Electrical Conductivity,1.01869,S/cm,Reciprocal Resistivity,sigma = 1 / rho
P7-SYNTH-278,P7-SYNTH-278-S01,XRD,Crystallite Size,22.92,nm,Scherrer Equation,D = (K * lambda) / (beta * cos(theta))
P7-SYNTH-278,P7-SYNTH-278-S01,UV_VIS,Optical Band Gap,1.447,eV,Tauc Plot Linear Extrapolation,(alpha * h * nu)^(1/n) vs h * nu
P7-SYNTH-278,P7-SYNTH-278-S01,ELECTRICAL,Electrical Resistance,71720.97,Ohm,Ohm's Law Linear Regression,V = I * R
P7-SYNTH-278,P7-SYNTH-278-S01,ELECTRICAL,Electrical Resistivity,1.6373,Ohm*cm,Geometric Resistance Formula,rho = R * A / L
P7-SYNTH-278,P7-SYNTH-278-S01,ELECTRICAL,Electrical Conductivity,0.61078,S/cm,Reciprocal Resistivity,sigma = 1 / rho
P7-SYNTH-279,P7-SYNTH-279-S01,XRD,Crystallite Size,23.83,nm,Scherrer Equation,D = (K * lambda) / (beta * cos(theta))
P7-SYNTH-279,P7-SYNTH-279-S01,UV_VIS,Optical Band Gap,1.426,eV,Tauc Plot Linear Extrapolation,(alpha * h * nu)^(1/n) vs h * nu
P7-SYNTH-279,P7-SYNTH-279-S01,ELECTRICAL,Electrical Resistance,104642.93,Ohm,Ohm's Law Linear Regression,V = I * R
P7-SYNTH-279,P7-SYNTH-279-S01,ELECTRICAL,Electrical Resistivity,1.5481,Ohm*cm,Geometric Resistance Formula,rho = R * A / L
P7-SYNTH-279,P7-SYNTH-279-S01,ELECTRICAL,Electrical Conductivity,0.64595,S/cm,Reciprocal Resistivity,sigma = 1 / rho
P7-SYNTH-280,P7-SYNTH-280-S01,XRD,Crystallite Size,22.95,nm,Scherrer Equation,D = (K * lambda) / (beta * cos(theta))
P7-SYNTH-280,P7-SYNTH-280-S01,ELECTRICAL,Electrical Resistance,175742.54,Ohm,Ohm's Law Linear Regression,V = I * R
P7-SYNTH-280,P7-SYNTH-280-S01,ELECTRICAL,Electrical Resistivity,2.7062,Ohm*cm,Geometric Resistance Formula,rho = R * A / L
P7-SYNTH-280,P7-SYNTH-280-S01,ELECTRICAL,Electrical Conductivity,0.36953,S/cm,Reciprocal Resistivity,sigma = 1 / rho
P7-SYNTH-282,P7-SYNTH-282-S01,XRD,Crystallite Size,23.29,nm,Scherrer Equation,D = (K * lambda) / (beta * cos(theta))
P7-SYNTH-282,P7-SYNTH-282-S01,UV_VIS,Optical Band Gap,1.448,eV,Tauc Plot Linear Extrapolation,(alpha * h * nu)^(1/n) vs h * nu
P7-SYNTH-282,P7-SYNTH-282-S01,ELECTRICAL,Electrical Resistance,180475.47,Ohm,Ohm's Law Linear Regression,V = I * R
P7-SYNTH-282,P7-SYNTH-282-S01,ELECTRICAL,Electrical Resistivity,2.7721,Ohm*cm,Geometric Resistance Formula,rho = R * A / L
P7-SYNTH-282,P7-SYNTH-282-S01,ELECTRICAL,Electrical Conductivity,0.36074,S/cm,Reciprocal Resistivity,sigma = 1 / rho
P7-SYNTH-283,P7-SYNTH-283-S01,XRD,Crystallite Size,23.11,nm,Scherrer Equation,D = (K * lambda) / (beta * cos(theta))
P7-SYNTH-283,P7-SYNTH-283-S01,UV_VIS,Optical Band Gap,1.408,eV,Tauc Plot Linear Extrapolation,(alpha * h * nu)^(1/n) vs h * nu
P7-SYNTH-283,P7-SYNTH-283-S01,ELECTRICAL,Electrical Resistance,101930.57,Ohm,Ohm's Law Linear Regression,V = I * R
P7-SYNTH-283,P7-SYNTH-283-S01,ELECTRICAL,Electrical Resistivity,1.6938,Ohm*cm,Geometric Resistance Formula,rho = R * A / L
P7-SYNTH-283,P7-SYNTH-283-S01,ELECTRICAL,Electrical Conductivity,0.5904,S/cm,Reciprocal Resistivity,sigma = 1 / rho
P7-SYNTH-284,P7-SYNTH-284-S01,XRD,Crystallite Size,23.89,nm,Scherrer Equation,D = (K * lambda) / (beta * cos(theta))
P7-SYNTH-284,P7-SYNTH-284-S01,UV_VIS,Optical Band Gap,1.457,eV,Tauc Plot Linear Extrapolation,(alpha * h * nu)^(1/n) vs h * nu
P7-SYNTH-284,P7-SYNTH-284-S01,ELECTRICAL,Electrical Resistance,987803.03,Ohm,Ohm's Law Linear Regression,V = I * R
P7-SYNTH-284,P7-SYNTH-284-S01,ELECTRICAL,Electrical Resistivity,8.7902,Ohm*cm,Geometric Resistance Formula,rho = R * A / L
P7-SYNTH-284,P7-SYNTH-284-S01,ELECTRICAL,Electrical Conductivity,0.11376,S/cm,Reciprocal Resistivity,sigma = 1 / rho
P7-SYNTH-285,P7-SYNTH-285-S01,XRD,Crystallite Size,23.68,nm,Scherrer Equation,D = (K * lambda) / (beta * cos(theta))
P7-SYNTH-285,P7-SYNTH-285-S01,UV_VIS,Optical Band Gap,1.437,eV,Tauc Plot Linear Extrapolation,(alpha * h * nu)^(1/n) vs h * nu
P7-SYNTH-285,P7-SYNTH-285-S01,ELECTRICAL,Electrical Resistance,67830.76,Ohm,Ohm's Law Linear Regression,V = I * R
P7-SYNTH-285,P7-SYNTH-285-S01,ELECTRICAL,Electrical Resistivity,1.3715,Ohm*cm,Geometric Resistance Formula,rho = R * A / L
P7-SYNTH-285,P7-SYNTH-285-S01,ELECTRICAL,Electrical Conductivity,0.72915,S/cm,Reciprocal Resistivity,sigma = 1 / rho
P7-SYNTH-286,P7-SYNTH-286-S01,XRD,Crystallite Size,23.9,nm,Scherrer Equation,D = (K * lambda) / (beta * cos(theta))
P7-SYNTH-286,P7-SYNTH-286-S01,UV_VIS,Optical Band Gap,1.447,eV,Tauc Plot Linear Extrapolation,(alpha * h * nu)^(1/n) vs h * nu
P7-SYNTH-286,P7-SYNTH-286-S01,ELECTRICAL,Electrical Resistance,697695.26,Ohm,Ohm's Law Linear Regression,V = I * R
P7-SYNTH-286,P7-SYNTH-286-S01,ELECTRICAL,Electrical Resistivity,6.9167,Ohm*cm,Geometric Resistance Formula,rho = R * A / L
P7-SYNTH-286,P7-SYNTH-286-S01,ELECTRICAL,Electrical Conductivity,0.14458,S/cm,Reciprocal Resistivity,sigma = 1 / rho
P7-SYNTH-287,P7-SYNTH-287-S01,XRD,Crystallite Size,22.93,nm,Scherrer Equation,D = (K * lambda) / (beta * cos(theta))
P7-SYNTH-287,P7-SYNTH-287-S01,ELECTRICAL,Electrical Resistance,385577.49,Ohm,Ohm's Law Linear Regression,V = I * R
P7-SYNTH-287,P7-SYNTH-287-S01,ELECTRICAL,Electrical Resistivity,4.1559,Ohm*cm,Geometric Resistance Formula,rho = R * A / L
P7-SYNTH-287,P7-SYNTH-287-S01,ELECTRICAL,Electrical Conductivity,0.24062,S/cm,Reciprocal Resistivity,sigma = 1 / rho
P7-SYNTH-288,P7-SYNTH-288-S01,XRD,Crystallite Size,24.14,nm,Scherrer Equation,D = (K * lambda) / (beta * cos(theta))
P7-SYNTH-288,P7-SYNTH-288-S01,UV_VIS,Optical Band Gap,1.459,eV,Tauc Plot Linear Extrapolation,(alpha * h * nu)^(1/n) vs h * nu
P7-SYNTH-288,P7-SYNTH-288-S01,ELECTRICAL,Electrical Resistance,1555946.6,Ohm,Ohm's Law Linear Regression,V = I * R
P7-SYNTH-288,P7-SYNTH-288-S01,ELECTRICAL,Electrical Resistivity,11.3453,Ohm*cm,Geometric Resistance Formula,rho = R * A / L
P7-SYNTH-288,P7-SYNTH-288-S01,ELECTRICAL,Electrical Conductivity,0.08814,S/cm,Reciprocal Resistivity,sigma = 1 / rho
P7-SYNTH-289,P7-SYNTH-289-S01,XRD,Crystallite Size,22.23,nm,Scherrer Equation,D = (K * lambda) / (beta * cos(theta))
P7-SYNTH-289,P7-SYNTH-289-S01,ELECTRICAL,Electrical Resistance,628843.12,Ohm,Ohm's Law Linear Regression,V = I * R
P7-SYNTH-289,P7-SYNTH-289-S01,ELECTRICAL,Electrical Resistivity,5.3903,Ohm*cm,Geometric Resistance Formula,rho = R * A / L
P7-SYNTH-289,P7-SYNTH-289-S01,ELECTRICAL,Electrical Conductivity,0.18552,S/cm,Reciprocal Resistivity,sigma = 1 / rho
P7-SYNTH-290,P7-SYNTH-290-S01,XRD,Crystallite Size,23.94,nm,Scherrer Equation,D = (K * lambda) / (beta * cos(theta))
P7-SYNTH-290,P7-SYNTH-290-S01,UV_VIS,Optical Band Gap,1.428,eV,Tauc Plot Linear Extrapolation,(alpha * h * nu)^(1/n) vs h * nu
P7-SYNTH-290,P7-SYNTH-290-S01,ELECTRICAL,Electrical Resistance,427436.58,Ohm,Ohm's Law Linear Regression,V = I * R
P7-SYNTH-290,P7-SYNTH-290-S01,ELECTRICAL,Electrical Resistivity,5.0718,Ohm*cm,Geometric Resistance Formula,rho = R * A / L
P7-SYNTH-290,P7-SYNTH-290-S01,ELECTRICAL,Electrical Conductivity,0.19717,S/cm,Reciprocal Resistivity,sigma = 1 / rho
P7-SYNTH-291,P7-SYNTH-291-S01,ELECTRICAL,Electrical Resistance,59401.89,Ohm,Ohm's Law Linear Regression,V = I * R
P7-SYNTH-291,P7-SYNTH-291-S01,ELECTRICAL,Electrical Resistivity,1.5588,Ohm*cm,Geometric Resistance Formula,rho = R * A / L
P7-SYNTH-291,P7-SYNTH-291-S01,ELECTRICAL,Electrical Conductivity,0.64151,S/cm,Reciprocal Resistivity,sigma = 1 / rho
P7-SYNTH-292,P7-SYNTH-292-S01,XRD,Crystallite Size,20.24,nm,Scherrer Equation,D = (K * lambda) / (beta * cos(theta))
P7-SYNTH-292,P7-SYNTH-292-S01,UV_VIS,Optical Band Gap,1.498,eV,Tauc Plot Linear Extrapolation,(alpha * h * nu)^(1/n) vs h * nu
P7-SYNTH-292,P7-SYNTH-292-S01,ELECTRICAL,Electrical Resistance,37798.24,Ohm,Ohm's Law Linear Regression,V = I * R
P7-SYNTH-292,P7-SYNTH-292-S01,ELECTRICAL,Electrical Resistivity,1.2478,Ohm*cm,Geometric Resistance Formula,rho = R * A / L
P7-SYNTH-292,P7-SYNTH-292-S01,ELECTRICAL,Electrical Conductivity,0.80139,S/cm,Reciprocal Resistivity,sigma = 1 / rho
P7-SYNTH-293,P7-SYNTH-293-S01,XRD,Crystallite Size,19.32,nm,Scherrer Equation,D = (K * lambda) / (beta * cos(theta))
P7-SYNTH-293,P7-SYNTH-293-S01,UV_VIS,Optical Band Gap,1.494,eV,Tauc Plot Linear Extrapolation,(alpha * h * nu)^(1/n) vs h * nu
P7-SYNTH-293,P7-SYNTH-293-S01,ELECTRICAL,Electrical Resistance,65428.85,Ohm,Ohm's Law Linear Regression,V = I * R
P7-SYNTH-293,P7-SYNTH-293-S01,ELECTRICAL,Electrical Resistivity,1.4443,Ohm*cm,Geometric Resistance Formula,rho = R * A / L
P7-SYNTH-293,P7-SYNTH-293-S01,ELECTRICAL,Electrical Conductivity,0.69236,S/cm,Reciprocal Resistivity,sigma = 1 / rho
P7-SYNTH-294,P7-SYNTH-294-S01,XRD,Crystallite Size,25.63,nm,Scherrer Equation,D = (K * lambda) / (beta * cos(theta))
P7-SYNTH-294,P7-SYNTH-294-S01,ELECTRICAL,Electrical Resistance,52566.75,Ohm,Ohm's Law Linear Regression,V = I * R
P7-SYNTH-294,P7-SYNTH-294-S01,ELECTRICAL,Electrical Resistivity,1.7527,Ohm*cm,Geometric Resistance Formula,rho = R * A / L
P7-SYNTH-294,P7-SYNTH-294-S01,ELECTRICAL,Electrical Conductivity,0.57055,S/cm,Reciprocal Resistivity,sigma = 1 / rho
P7-SYNTH-295,P7-SYNTH-295-S01,XRD,Crystallite Size,27.16,nm,Scherrer Equation,D = (K * lambda) / (beta * cos(theta))
P7-SYNTH-295,P7-SYNTH-295-S01,UV_VIS,Optical Band Gap,1.407,eV,Tauc Plot Linear Extrapolation,(alpha * h * nu)^(1/n) vs h * nu
P7-SYNTH-295,P7-SYNTH-295-S01,ELECTRICAL,Electrical Resistance,51647.81,Ohm,Ohm's Law Linear Regression,V = I * R
P7-SYNTH-295,P7-SYNTH-295-S01,ELECTRICAL,Electrical Resistivity,1.4243,Ohm*cm,Geometric Resistance Formula,rho = R * A / L
P7-SYNTH-295,P7-SYNTH-295-S01,ELECTRICAL,Electrical Conductivity,0.70208,S/cm,Reciprocal Resistivity,sigma = 1 / rho
P7-SYNTH-296,P7-SYNTH-296-S01,XRD,Crystallite Size,21.13,nm,Scherrer Equation,D = (K * lambda) / (beta * cos(theta))
P7-SYNTH-296,P7-SYNTH-296-S01,ELECTRICAL,Electrical Resistance,125749.2,Ohm,Ohm's Law Linear Regression,V = I * R
P7-SYNTH-296,P7-SYNTH-296-S01,ELECTRICAL,Electrical Resistivity,2.2459,Ohm*cm,Geometric Resistance Formula,rho = R * A / L
P7-SYNTH-296,P7-SYNTH-296-S01,ELECTRICAL,Electrical Conductivity,0.44526,S/cm,Reciprocal Resistivity,sigma = 1 / rho
P7-SYNTH-297,P7-SYNTH-297-S01,XRD,Crystallite Size,21.16,nm,Scherrer Equation,D = (K * lambda) / (beta * cos(theta))
P7-SYNTH-297,P7-SYNTH-297-S01,UV_VIS,Optical Band Gap,1.461,eV,Tauc Plot Linear Extrapolation,(alpha * h * nu)^(1/n) vs h * nu
P7-SYNTH-297,P7-SYNTH-297-S01,ELECTRICAL,Electrical Resistance,44976.85,Ohm,Ohm's Law Linear Regression,V = I * R
P7-SYNTH-297,P7-SYNTH-297-S01,ELECTRICAL,Electrical Resistivity,1.1673,Ohm*cm,Geometric Resistance Formula,rho = R * A / L
P7-SYNTH-297,P7-SYNTH-297-S01,ELECTRICAL,Electrical Conductivity,0.85669,S/cm,Reciprocal Resistivity,sigma = 1 / rho
P7-SYNTH-298,P7-SYNTH-298-S01,ELECTRICAL,Electrical Resistance,77207.21,Ohm,Ohm's Law Linear Regression,V = I * R
P7-SYNTH-298,P7-SYNTH-298-S01,ELECTRICAL,Electrical Resistivity,1.4495,Ohm*cm,Geometric Resistance Formula,rho = R * A / L
P7-SYNTH-298,P7-SYNTH-298-S01,ELECTRICAL,Electrical Conductivity,0.68989,S/cm,Reciprocal Resistivity,sigma = 1 / rho
P7-SYNTH-299,P7-SYNTH-299-S01,XRD,Crystallite Size,22.77,nm,Scherrer Equation,D = (K * lambda) / (beta * cos(theta))
P7-SYNTH-299,P7-SYNTH-299-S01,UV_VIS,Optical Band Gap,1.468,eV,Tauc Plot Linear Extrapolation,(alpha * h * nu)^(1/n) vs h * nu
P7-SYNTH-299,P7-SYNTH-299-S01,ELECTRICAL,Electrical Resistance,140046.47,Ohm,Ohm's Law Linear Regression,V = I * R
P7-SYNTH-299,P7-SYNTH-299-S01,ELECTRICAL,Electrical Resistivity,2.5606,Ohm*cm,Geometric Resistance Formula,rho = R * A / L
P7-SYNTH-299,P7-SYNTH-299-S01,ELECTRICAL,Electrical Conductivity,0.39053,S/cm,Reciprocal Resistivity,sigma = 1 / rho
P7-SYNTH-300,P7-SYNTH-300-S01,XRD,Crystallite Size,19.48,nm,Scherrer Equation,D = (K * lambda) / (beta * cos(theta))
P7-SYNTH-300,P7-SYNTH-300-S01,UV_VIS,Optical Band Gap,1.486,eV,Tauc Plot Linear Extrapolation,(alpha * h * nu)^(1/n) vs h * nu
P7-SYNTH-300,P7-SYNTH-300-S01,ELECTRICAL,Electrical Resistance,67756.32,Ohm,Ohm's Law Linear Regression,V = I * R
P7-SYNTH-300,P7-SYNTH-300-S01,ELECTRICAL,Electrical Resistivity,1.8644,Ohm*cm,Geometric Resistance Formula,rho = R * A / L
P7-SYNTH-300,P7-SYNTH-300-S01,ELECTRICAL,Electrical Conductivity,0.53635,S/cm,Reciprocal Resistivity,sigma = 1 / rho
P7-SYNTH-301,P7-SYNTH-301-S01,XRD,Crystallite Size,21.42,nm,Scherrer Equation,D = (K * lambda) / (beta * cos(theta))
P7-SYNTH-301,P7-SYNTH-301-S01,UV_VIS,Optical Band Gap,1.456,eV,Tauc Plot Linear Extrapolation,(alpha * h * nu)^(1/n) vs h * nu
P7-SYNTH-301,P7-SYNTH-301-S01,ELECTRICAL,Electrical Resistance,91424.5,Ohm,Ohm's Law Linear Regression,V = I * R
P7-SYNTH-301,P7-SYNTH-301-S01,ELECTRICAL,Electrical Resistivity,1.873,Ohm*cm,Geometric Resistance Formula,rho = R * A / L
P7-SYNTH-301,P7-SYNTH-301-S01,ELECTRICAL,Electrical Conductivity,0.5339,S/cm,Reciprocal Resistivity,sigma = 1 / rho
P7-SYNTH-302,P7-SYNTH-302-S01,XRD,Crystallite Size,25.42,nm,Scherrer Equation,D = (K * lambda) / (beta * cos(theta))
P7-SYNTH-302,P7-SYNTH-302-S01,UV_VIS,Optical Band Gap,1.421,eV,Tauc Plot Linear Extrapolation,(alpha * h * nu)^(1/n) vs h * nu
P7-SYNTH-302,P7-SYNTH-302-S01,ELECTRICAL,Electrical Resistance,26526.24,Ohm,Ohm's Law Linear Regression,V = I * R
P7-SYNTH-302,P7-SYNTH-302-S01,ELECTRICAL,Electrical Resistivity,0.9319,Ohm*cm,Geometric Resistance Formula,rho = R * A / L
P7-SYNTH-302,P7-SYNTH-302-S01,ELECTRICAL,Electrical Conductivity,1.07309,S/cm,Reciprocal Resistivity,sigma = 1 / rho
P7-SYNTH-303,P7-SYNTH-303-S01,XRD,Crystallite Size,22.54,nm,Scherrer Equation,D = (K * lambda) / (beta * cos(theta))
P7-SYNTH-303,P7-SYNTH-303-S01,UV_VIS,Optical Band Gap,1.44,eV,Tauc Plot Linear Extrapolation,(alpha * h * nu)^(1/n) vs h * nu
P7-SYNTH-303,P7-SYNTH-303-S01,ELECTRICAL,Electrical Resistance,29256.65,Ohm,Ohm's Law Linear Regression,V = I * R
P7-SYNTH-303,P7-SYNTH-303-S01,ELECTRICAL,Electrical Resistivity,1.0214,Ohm*cm,Geometric Resistance Formula,rho = R * A / L
P7-SYNTH-303,P7-SYNTH-303-S01,ELECTRICAL,Electrical Conductivity,0.97901,S/cm,Reciprocal Resistivity,sigma = 1 / rho
P7-SYNTH-304,P7-SYNTH-304-S01,XRD,Crystallite Size,26.24,nm,Scherrer Equation,D = (K * lambda) / (beta * cos(theta))
P7-SYNTH-304,P7-SYNTH-304-S01,UV_VIS,Optical Band Gap,1.424,eV,Tauc Plot Linear Extrapolation,(alpha * h * nu)^(1/n) vs h * nu
P7-SYNTH-304,P7-SYNTH-304-S01,ELECTRICAL,Electrical Resistance,60686.64,Ohm,Ohm's Law Linear Regression,V = I * R
P7-SYNTH-304,P7-SYNTH-304-S01,ELECTRICAL,Electrical Resistivity,1.646,Ohm*cm,Geometric Resistance Formula,rho = R * A / L
P7-SYNTH-304,P7-SYNTH-304-S01,ELECTRICAL,Electrical Conductivity,0.60755,S/cm,Reciprocal Resistivity,sigma = 1 / rho
P7-SYNTH-305,P7-SYNTH-305-S01,XRD,Crystallite Size,24.75,nm,Scherrer Equation,D = (K * lambda) / (beta * cos(theta))
P7-SYNTH-305,P7-SYNTH-305-S01,UV_VIS,Optical Band Gap,1.428,eV,Tauc Plot Linear Extrapolation,(alpha * h * nu)^(1/n) vs h * nu
P7-SYNTH-305,P7-SYNTH-305-S01,ELECTRICAL,Electrical Resistance,68166.41,Ohm,Ohm's Law Linear Regression,V = I * R
P7-SYNTH-305,P7-SYNTH-305-S01,ELECTRICAL,Electrical Resistivity,1.5727,Ohm*cm,Geometric Resistance Formula,rho = R * A / L
P7-SYNTH-305,P7-SYNTH-305-S01,ELECTRICAL,Electrical Conductivity,0.63584,S/cm,Reciprocal Resistivity,sigma = 1 / rho
P7-SYNTH-306,P7-SYNTH-306-S01,XRD,Crystallite Size,19.08,nm,Scherrer Equation,D = (K * lambda) / (beta * cos(theta))
P7-SYNTH-306,P7-SYNTH-306-S01,UV_VIS,Optical Band Gap,1.492,eV,Tauc Plot Linear Extrapolation,(alpha * h * nu)^(1/n) vs h * nu
P7-SYNTH-306,P7-SYNTH-306-S01,ELECTRICAL,Electrical Resistance,77065.36,Ohm,Ohm's Law Linear Regression,V = I * R
P7-SYNTH-306,P7-SYNTH-306-S01,ELECTRICAL,Electrical Resistivity,1.9318,Ohm*cm,Geometric Resistance Formula,rho = R * A / L
P7-SYNTH-306,P7-SYNTH-306-S01,ELECTRICAL,Electrical Conductivity,0.51765,S/cm,Reciprocal Resistivity,sigma = 1 / rho
P7-SYNTH-307,P7-SYNTH-307-S01,XRD,Crystallite Size,19.71,nm,Scherrer Equation,D = (K * lambda) / (beta * cos(theta))
P7-SYNTH-307,P7-SYNTH-307-S01,ELECTRICAL,Electrical Resistance,54368.41,Ohm,Ohm's Law Linear Regression,V = I * R
P7-SYNTH-307,P7-SYNTH-307-S01,ELECTRICAL,Electrical Resistivity,1.4913,Ohm*cm,Geometric Resistance Formula,rho = R * A / L
P7-SYNTH-307,P7-SYNTH-307-S01,ELECTRICAL,Electrical Conductivity,0.67055,S/cm,Reciprocal Resistivity,sigma = 1 / rho
P7-SYNTH-308,P7-SYNTH-308-S01,XRD,Crystallite Size,23.25,nm,Scherrer Equation,D = (K * lambda) / (beta * cos(theta))
P7-SYNTH-308,P7-SYNTH-308-S01,UV_VIS,Optical Band Gap,1.442,eV,Tauc Plot Linear Extrapolation,(alpha * h * nu)^(1/n) vs h * nu
P7-SYNTH-308,P7-SYNTH-308-S01,ELECTRICAL,Electrical Resistance,43430.69,Ohm,Ohm's Law Linear Regression,V = I * R
P7-SYNTH-308,P7-SYNTH-308-S01,ELECTRICAL,Electrical Resistivity,1.1372,Ohm*cm,Geometric Resistance Formula,rho = R * A / L
P7-SYNTH-308,P7-SYNTH-308-S01,ELECTRICAL,Electrical Conductivity,0.87934,S/cm,Reciprocal Resistivity,sigma = 1 / rho
P7-SYNTH-309,P7-SYNTH-309-S01,XRD,Crystallite Size,23.72,nm,Scherrer Equation,D = (K * lambda) / (beta * cos(theta))
P7-SYNTH-309,P7-SYNTH-309-S01,UV_VIS,Optical Band Gap,1.438,eV,Tauc Plot Linear Extrapolation,(alpha * h * nu)^(1/n) vs h * nu
P7-SYNTH-309,P7-SYNTH-309-S01,ELECTRICAL,Electrical Resistance,53610.63,Ohm,Ohm's Law Linear Regression,V = I * R
P7-SYNTH-309,P7-SYNTH-309-S01,ELECTRICAL,Electrical Resistivity,1.6143,Ohm*cm,Geometric Resistance Formula,rho = R * A / L
P7-SYNTH-309,P7-SYNTH-309-S01,ELECTRICAL,Electrical Conductivity,0.61947,S/cm,Reciprocal Resistivity,sigma = 1 / rho
P7-SYNTH-310,P7-SYNTH-310-S01,XRD,Crystallite Size,21.27,nm,Scherrer Equation,D = (K * lambda) / (beta * cos(theta))
P7-SYNTH-310,P7-SYNTH-310-S01,UV_VIS,Optical Band Gap,1.471,eV,Tauc Plot Linear Extrapolation,(alpha * h * nu)^(1/n) vs h * nu
P7-SYNTH-310,P7-SYNTH-310-S01,ELECTRICAL,Electrical Resistance,69847.96,Ohm,Ohm's Law Linear Regression,V = I * R
P7-SYNTH-310,P7-SYNTH-310-S01,ELECTRICAL,Electrical Resistivity,1.7338,Ohm*cm,Geometric Resistance Formula,rho = R * A / L
P7-SYNTH-310,P7-SYNTH-310-S01,ELECTRICAL,Electrical Conductivity,0.57677,S/cm,Reciprocal Resistivity,sigma = 1 / rho
P7-SYNTH-311,P7-SYNTH-311-S01,XRD,Crystallite Size,25.91,nm,Scherrer Equation,D = (K * lambda) / (beta * cos(theta))
P7-SYNTH-311,P7-SYNTH-311-S01,UV_VIS,Optical Band Gap,1.449,eV,Tauc Plot Linear Extrapolation,(alpha * h * nu)^(1/n) vs h * nu
P7-SYNTH-311,P7-SYNTH-311-S01,ELECTRICAL,Electrical Resistance,39475.05,Ohm,Ohm's Law Linear Regression,V = I * R
P7-SYNTH-311,P7-SYNTH-311-S01,ELECTRICAL,Electrical Resistivity,1.4383,Ohm*cm,Geometric Resistance Formula,rho = R * A / L
P7-SYNTH-311,P7-SYNTH-311-S01,ELECTRICAL,Electrical Conductivity,0.69528,S/cm,Reciprocal Resistivity,sigma = 1 / rho
P7-SYNTH-312,P7-SYNTH-312-S01,XRD,Crystallite Size,24.08,nm,Scherrer Equation,D = (K * lambda) / (beta * cos(theta))
P7-SYNTH-313,P7-SYNTH-313-S01,XRD,Crystallite Size,27.18,nm,Scherrer Equation,D = (K * lambda) / (beta * cos(theta))
P7-SYNTH-313,P7-SYNTH-313-S01,ELECTRICAL,Electrical Resistance,40824.74,Ohm,Ohm's Law Linear Regression,V = I * R
P7-SYNTH-313,P7-SYNTH-313-S01,ELECTRICAL,Electrical Resistivity,1.0585,Ohm*cm,Geometric Resistance Formula,rho = R * A / L
P7-SYNTH-313,P7-SYNTH-313-S01,ELECTRICAL,Electrical Conductivity,0.9447,S/cm,Reciprocal Resistivity,sigma = 1 / rho
P7-SYNTH-314,P7-SYNTH-314-S01,XRD,Crystallite Size,27.05,nm,Scherrer Equation,D = (K * lambda) / (beta * cos(theta))
P7-SYNTH-314,P7-SYNTH-314-S01,UV_VIS,Optical Band Gap,1.416,eV,Tauc Plot Linear Extrapolation,(alpha * h * nu)^(1/n) vs h * nu
P7-SYNTH-314,P7-SYNTH-314-S01,ELECTRICAL,Electrical Resistance,48865.16,Ohm,Ohm's Law Linear Regression,V = I * R
P7-SYNTH-314,P7-SYNTH-314-S01,ELECTRICAL,Electrical Resistivity,1.6653,Ohm*cm,Geometric Resistance Formula,rho = R * A / L
P7-SYNTH-314,P7-SYNTH-314-S01,ELECTRICAL,Electrical Conductivity,0.60049,S/cm,Reciprocal Resistivity,sigma = 1 / rho
P7-SYNTH-315,P7-SYNTH-315-S01,XRD,Crystallite Size,22.97,nm,Scherrer Equation,D = (K * lambda) / (beta * cos(theta))
P7-SYNTH-315,P7-SYNTH-315-S01,UV_VIS,Optical Band Gap,1.452,eV,Tauc Plot Linear Extrapolation,(alpha * h * nu)^(1/n) vs h * nu
P7-SYNTH-315,P7-SYNTH-315-S01,ELECTRICAL,Electrical Resistance,64797.81,Ohm,Ohm's Law Linear Regression,V = I * R
P7-SYNTH-315,P7-SYNTH-315-S01,ELECTRICAL,Electrical Resistivity,1.5969,Ohm*cm,Geometric Resistance Formula,rho = R * A / L
P7-SYNTH-315,P7-SYNTH-315-S01,ELECTRICAL,Electrical Conductivity,0.62623,S/cm,Reciprocal Resistivity,sigma = 1 / rho
P7-SYNTH-316,P7-SYNTH-316-S01,XRD,Crystallite Size,21.72,nm,Scherrer Equation,D = (K * lambda) / (beta * cos(theta))
P7-SYNTH-316,P7-SYNTH-316-S01,UV_VIS,Optical Band Gap,1.441,eV,Tauc Plot Linear Extrapolation,(alpha * h * nu)^(1/n) vs h * nu
P7-SYNTH-316,P7-SYNTH-316-S01,ELECTRICAL,Electrical Resistance,51723.9,Ohm,Ohm's Law Linear Regression,V = I * R
P7-SYNTH-316,P7-SYNTH-316-S01,ELECTRICAL,Electrical Resistivity,1.6513,Ohm*cm,Geometric Resistance Formula,rho = R * A / L
P7-SYNTH-316,P7-SYNTH-316-S01,ELECTRICAL,Electrical Conductivity,0.60559,S/cm,Reciprocal Resistivity,sigma = 1 / rho
P7-SYNTH-317,P7-SYNTH-317-S01,XRD,Crystallite Size,24.69,nm,Scherrer Equation,D = (K * lambda) / (beta * cos(theta))
P7-SYNTH-317,P7-SYNTH-317-S01,UV_VIS,Optical Band Gap,1.419,eV,Tauc Plot Linear Extrapolation,(alpha * h * nu)^(1/n) vs h * nu
P7-SYNTH-317,P7-SYNTH-317-S01,ELECTRICAL,Electrical Resistance,59262.35,Ohm,Ohm's Law Linear Regression,V = I * R
P7-SYNTH-317,P7-SYNTH-317-S01,ELECTRICAL,Electrical Resistivity,1.3964,Ohm*cm,Geometric Resistance Formula,rho = R * A / L
P7-SYNTH-317,P7-SYNTH-317-S01,ELECTRICAL,Electrical Conductivity,0.71613,S/cm,Reciprocal Resistivity,sigma = 1 / rho
P7-SYNTH-318,P7-SYNTH-318-S01,XRD,Crystallite Size,21.38,nm,Scherrer Equation,D = (K * lambda) / (beta * cos(theta))
P7-SYNTH-318,P7-SYNTH-318-S01,UV_VIS,Optical Band Gap,1.466,eV,Tauc Plot Linear Extrapolation,(alpha * h * nu)^(1/n) vs h * nu
P7-SYNTH-318,P7-SYNTH-318-S01,ELECTRICAL,Electrical Resistance,53164.16,Ohm,Ohm's Law Linear Regression,V = I * R
P7-SYNTH-318,P7-SYNTH-318-S01,ELECTRICAL,Electrical Resistivity,1.1732,Ohm*cm,Geometric Resistance Formula,rho = R * A / L
P7-SYNTH-318,P7-SYNTH-318-S01,ELECTRICAL,Electrical Conductivity,0.85239,S/cm,Reciprocal Resistivity,sigma = 1 / rho
P7-SYNTH-319,P7-SYNTH-319-S01,XRD,Crystallite Size,19.62,nm,Scherrer Equation,D = (K * lambda) / (beta * cos(theta))
P7-SYNTH-319,P7-SYNTH-319-S01,UV_VIS,Optical Band Gap,1.488,eV,Tauc Plot Linear Extrapolation,(alpha * h * nu)^(1/n) vs h * nu
P7-SYNTH-319,P7-SYNTH-319-S01,ELECTRICAL,Electrical Resistance,91498.78,Ohm,Ohm's Law Linear Regression,V = I * R
P7-SYNTH-319,P7-SYNTH-319-S01,ELECTRICAL,Electrical Resistivity,2.1007,Ohm*cm,Geometric Resistance Formula,rho = R * A / L
P7-SYNTH-319,P7-SYNTH-319-S01,ELECTRICAL,Electrical Conductivity,0.47603,S/cm,Reciprocal Resistivity,sigma = 1 / rho
P7-SYNTH-320,P7-SYNTH-320-S01,XRD,Crystallite Size,21.76,nm,Scherrer Equation,D = (K * lambda) / (beta * cos(theta))
P7-SYNTH-320,P7-SYNTH-320-S01,UV_VIS,Optical Band Gap,1.426,eV,Tauc Plot Linear Extrapolation,(alpha * h * nu)^(1/n) vs h * nu
P7-SYNTH-320,P7-SYNTH-320-S01,ELECTRICAL,Electrical Resistance,111795.71,Ohm,Ohm's Law Linear Regression,V = I * R
P7-SYNTH-320,P7-SYNTH-320-S01,ELECTRICAL,Electrical Resistivity,2.0869,Ohm*cm,Geometric Resistance Formula,rho = R * A / L
P7-SYNTH-320,P7-SYNTH-320-S01,ELECTRICAL,Electrical Conductivity,0.47917,S/cm,Reciprocal Resistivity,sigma = 1 / rho
P7-SYNTH-321,P7-SYNTH-321-S01,XRD,Crystallite Size,25.43,nm,Scherrer Equation,D = (K * lambda) / (beta * cos(theta))
P7-SYNTH-321,P7-SYNTH-321-S01,ELECTRICAL,Electrical Resistance,47029.83,Ohm,Ohm's Law Linear Regression,V = I * R
P7-SYNTH-321,P7-SYNTH-321-S01,ELECTRICAL,Electrical Resistivity,1.5859,Ohm*cm,Geometric Resistance Formula,rho = R * A / L
P7-SYNTH-321,P7-SYNTH-321-S01,ELECTRICAL,Electrical Conductivity,0.63054,S/cm,Reciprocal Resistivity,sigma = 1 / rho
P7-SYNTH-322,P7-SYNTH-322-S01,XRD,Crystallite Size,21.49,nm,Scherrer Equation,D = (K * lambda) / (beta * cos(theta))
P7-SYNTH-322,P7-SYNTH-322-S01,ELECTRICAL,Electrical Resistance,53164.88,Ohm,Ohm's Law Linear Regression,V = I * R
P7-SYNTH-322,P7-SYNTH-322-S01,ELECTRICAL,Electrical Resistivity,1.2989,Ohm*cm,Geometric Resistance Formula,rho = R * A / L
P7-SYNTH-322,P7-SYNTH-322-S01,ELECTRICAL,Electrical Conductivity,0.76985,S/cm,Reciprocal Resistivity,sigma = 1 / rho
P7-SYNTH-323,P7-SYNTH-323-S01,XRD,Crystallite Size,23.88,nm,Scherrer Equation,D = (K * lambda) / (beta * cos(theta))
P7-SYNTH-323,P7-SYNTH-323-S01,UV_VIS,Optical Band Gap,1.443,eV,Tauc Plot Linear Extrapolation,(alpha * h * nu)^(1/n) vs h * nu
P7-SYNTH-323,P7-SYNTH-323-S01,ELECTRICAL,Electrical Resistance,32901.62,Ohm,Ohm's Law Linear Regression,V = I * R
P7-SYNTH-323,P7-SYNTH-323-S01,ELECTRICAL,Electrical Resistivity,1.0638,Ohm*cm,Geometric Resistance Formula,rho = R * A / L
P7-SYNTH-323,P7-SYNTH-323-S01,ELECTRICAL,Electrical Conductivity,0.94004,S/cm,Reciprocal Resistivity,sigma = 1 / rho
P7-SYNTH-324,P7-SYNTH-324-S01,XRD,Crystallite Size,26.65,nm,Scherrer Equation,D = (K * lambda) / (beta * cos(theta))
P7-SYNTH-324,P7-SYNTH-324-S01,UV_VIS,Optical Band Gap,1.402,eV,Tauc Plot Linear Extrapolation,(alpha * h * nu)^(1/n) vs h * nu
P7-SYNTH-324,P7-SYNTH-324-S01,ELECTRICAL,Electrical Resistance,44924.95,Ohm,Ohm's Law Linear Regression,V = I * R
P7-SYNTH-324,P7-SYNTH-324-S01,ELECTRICAL,Electrical Resistivity,1.4197,Ohm*cm,Geometric Resistance Formula,rho = R * A / L
P7-SYNTH-324,P7-SYNTH-324-S01,ELECTRICAL,Electrical Conductivity,0.70435,S/cm,Reciprocal Resistivity,sigma = 1 / rho
P7-SYNTH-325,P7-SYNTH-325-S01,XRD,Crystallite Size,27.53,nm,Scherrer Equation,D = (K * lambda) / (beta * cos(theta))
P7-SYNTH-325,P7-SYNTH-325-S01,UV_VIS,Optical Band Gap,1.404,eV,Tauc Plot Linear Extrapolation,(alpha * h * nu)^(1/n) vs h * nu
P7-SYNTH-325,P7-SYNTH-325-S01,ELECTRICAL,Electrical Resistance,45167.17,Ohm,Ohm's Law Linear Regression,V = I * R
P7-SYNTH-325,P7-SYNTH-325-S01,ELECTRICAL,Electrical Resistivity,1.5386,Ohm*cm,Geometric Resistance Formula,rho = R * A / L
P7-SYNTH-325,P7-SYNTH-325-S01,ELECTRICAL,Electrical Conductivity,0.64996,S/cm,Reciprocal Resistivity,sigma = 1 / rho
P7-SYNTH-326,P7-SYNTH-326-S01,XRD,Crystallite Size,20.52,nm,Scherrer Equation,D = (K * lambda) / (beta * cos(theta))
P7-SYNTH-326,P7-SYNTH-326-S01,UV_VIS,Optical Band Gap,1.468,eV,Tauc Plot Linear Extrapolation,(alpha * h * nu)^(1/n) vs h * nu
P7-SYNTH-326,P7-SYNTH-326-S01,ELECTRICAL,Electrical Resistance,125700.29,Ohm,Ohm's Law Linear Regression,V = I * R
P7-SYNTH-326,P7-SYNTH-326-S01,ELECTRICAL,Electrical Resistivity,2.2266,Ohm*cm,Geometric Resistance Formula,rho = R * A / L
P7-SYNTH-326,P7-SYNTH-326-S01,ELECTRICAL,Electrical Conductivity,0.44912,S/cm,Reciprocal Resistivity,sigma = 1 / rho
P7-SYNTH-327,P7-SYNTH-327-S01,XRD,Crystallite Size,20.12,nm,Scherrer Equation,D = (K * lambda) / (beta * cos(theta))
P7-SYNTH-327,P7-SYNTH-327-S01,ELECTRICAL,Electrical Resistance,100771.76,Ohm,Ohm's Law Linear Regression,V = I * R
P7-SYNTH-327,P7-SYNTH-327-S01,ELECTRICAL,Electrical Resistivity,1.8442,Ohm*cm,Geometric Resistance Formula,rho = R * A / L
P7-SYNTH-327,P7-SYNTH-327-S01,ELECTRICAL,Electrical Conductivity,0.54224,S/cm,Reciprocal Resistivity,sigma = 1 / rho
P7-SYNTH-328,P7-SYNTH-328-S01,XRD,Crystallite Size,26.11,nm,Scherrer Equation,D = (K * lambda) / (beta * cos(theta))
P7-SYNTH-328,P7-SYNTH-328-S01,UV_VIS,Optical Band Gap,1.42,eV,Tauc Plot Linear Extrapolation,(alpha * h * nu)^(1/n) vs h * nu
P7-SYNTH-328,P7-SYNTH-328-S01,ELECTRICAL,Electrical Resistance,50816.84,Ohm,Ohm's Law Linear Regression,V = I * R
P7-SYNTH-328,P7-SYNTH-328-S01,ELECTRICAL,Electrical Resistivity,1.1762,Ohm*cm,Geometric Resistance Formula,rho = R * A / L
P7-SYNTH-328,P7-SYNTH-328-S01,ELECTRICAL,Electrical Conductivity,0.85019,S/cm,Reciprocal Resistivity,sigma = 1 / rho
P7-SYNTH-329,P7-SYNTH-329-S01,XRD,Crystallite Size,19.3,nm,Scherrer Equation,D = (K * lambda) / (beta * cos(theta))
P7-SYNTH-329,P7-SYNTH-329-S01,ELECTRICAL,Electrical Resistance,185417.93,Ohm,Ohm's Law Linear Regression,V = I * R
P7-SYNTH-329,P7-SYNTH-329-S01,ELECTRICAL,Electrical Resistivity,3.1621,Ohm*cm,Geometric Resistance Formula,rho = R * A / L
P7-SYNTH-329,P7-SYNTH-329-S01,ELECTRICAL,Electrical Conductivity,0.31624,S/cm,Reciprocal Resistivity,sigma = 1 / rho
P7-SYNTH-330,P7-SYNTH-330-S01,XRD,Crystallite Size,25.65,nm,Scherrer Equation,D = (K * lambda) / (beta * cos(theta))
P7-SYNTH-330,P7-SYNTH-330-S01,UV_VIS,Optical Band Gap,1.424,eV,Tauc Plot Linear Extrapolation,(alpha * h * nu)^(1/n) vs h * nu
P7-SYNTH-330,P7-SYNTH-330-S01,ELECTRICAL,Electrical Resistance,55869.03,Ohm,Ohm's Law Linear Regression,V = I * R
P7-SYNTH-330,P7-SYNTH-330-S01,ELECTRICAL,Electrical Resistivity,1.4679,Ohm*cm,Geometric Resistance Formula,rho = R * A / L
P7-SYNTH-330,P7-SYNTH-330-S01,ELECTRICAL,Electrical Conductivity,0.68124,S/cm,Reciprocal Resistivity,sigma = 1 / rho
P7-SYNTH-331,P7-SYNTH-331-S01,XRD,Crystallite Size,24.14,nm,Scherrer Equation,D = (K * lambda) / (beta * cos(theta))
P7-SYNTH-331,P7-SYNTH-331-S01,UV_VIS,Optical Band Gap,1.457,eV,Tauc Plot Linear Extrapolation,(alpha * h * nu)^(1/n) vs h * nu
P7-SYNTH-331,P7-SYNTH-331-S01,ELECTRICAL,Electrical Resistance,90113.47,Ohm,Ohm's Law Linear Regression,V = I * R
P7-SYNTH-331,P7-SYNTH-331-S01,ELECTRICAL,Electrical Resistivity,1.8783,Ohm*cm,Geometric Resistance Formula,rho = R * A / L
P7-SYNTH-331,P7-SYNTH-331-S01,ELECTRICAL,Electrical Conductivity,0.53239,S/cm,Reciprocal Resistivity,sigma = 1 / rho
P7-SYNTH-332,P7-SYNTH-332-S01,XRD,Crystallite Size,22.25,nm,Scherrer Equation,D = (K * lambda) / (beta * cos(theta))
P7-SYNTH-332,P7-SYNTH-332-S01,UV_VIS,Optical Band Gap,1.459,eV,Tauc Plot Linear Extrapolation,(alpha * h * nu)^(1/n) vs h * nu
P7-SYNTH-332,P7-SYNTH-332-S01,ELECTRICAL,Electrical Resistance,50115.94,Ohm,Ohm's Law Linear Regression,V = I * R
P7-SYNTH-332,P7-SYNTH-332-S01,ELECTRICAL,Electrical Resistivity,1.1929,Ohm*cm,Geometric Resistance Formula,rho = R * A / L
P7-SYNTH-332,P7-SYNTH-332-S01,ELECTRICAL,Electrical Conductivity,0.83831,S/cm,Reciprocal Resistivity,sigma = 1 / rho
P7-SYNTH-333,P7-SYNTH-333-S01,XRD,Crystallite Size,21.65,nm,Scherrer Equation,D = (K * lambda) / (beta * cos(theta))
P7-SYNTH-333,P7-SYNTH-333-S01,UV_VIS,Optical Band Gap,1.479,eV,Tauc Plot Linear Extrapolation,(alpha * h * nu)^(1/n) vs h * nu
P7-SYNTH-333,P7-SYNTH-333-S01,ELECTRICAL,Electrical Resistance,34845.74,Ohm,Ohm's Law Linear Regression,V = I * R
P7-SYNTH-333,P7-SYNTH-333-S01,ELECTRICAL,Electrical Resistivity,1.0232,Ohm*cm,Geometric Resistance Formula,rho = R * A / L
P7-SYNTH-333,P7-SYNTH-333-S01,ELECTRICAL,Electrical Conductivity,0.97736,S/cm,Reciprocal Resistivity,sigma = 1 / rho
P7-SYNTH-334,P7-SYNTH-334-S01,XRD,Crystallite Size,25.49,nm,Scherrer Equation,D = (K * lambda) / (beta * cos(theta))
P7-SYNTH-334,P7-SYNTH-334-S01,ELECTRICAL,Electrical Resistance,51527.94,Ohm,Ohm's Law Linear Regression,V = I * R
P7-SYNTH-334,P7-SYNTH-334-S01,ELECTRICAL,Electrical Resistivity,1.7569,Ohm*cm,Geometric Resistance Formula,rho = R * A / L
P7-SYNTH-334,P7-SYNTH-334-S01,ELECTRICAL,Electrical Conductivity,0.5692,S/cm,Reciprocal Resistivity,sigma = 1 / rho
P7-SYNTH-336,P7-SYNTH-336-S01,XRD,Crystallite Size,25.96,nm,Scherrer Equation,D = (K * lambda) / (beta * cos(theta))
P7-SYNTH-336,P7-SYNTH-336-S01,UV_VIS,Optical Band Gap,1.425,eV,Tauc Plot Linear Extrapolation,(alpha * h * nu)^(1/n) vs h * nu
P7-SYNTH-336,P7-SYNTH-336-S01,ELECTRICAL,Electrical Resistance,42257.34,Ohm,Ohm's Law Linear Regression,V = I * R
P7-SYNTH-336,P7-SYNTH-336-S01,ELECTRICAL,Electrical Resistivity,1.5796,Ohm*cm,Geometric Resistance Formula,rho = R * A / L
P7-SYNTH-336,P7-SYNTH-336-S01,ELECTRICAL,Electrical Conductivity,0.63308,S/cm,Reciprocal Resistivity,sigma = 1 / rho
P7-SYNTH-337,P7-SYNTH-337-S01,XRD,Crystallite Size,18.65,nm,Scherrer Equation,D = (K * lambda) / (beta * cos(theta))
P7-SYNTH-337,P7-SYNTH-337-S01,UV_VIS,Optical Band Gap,1.507,eV,Tauc Plot Linear Extrapolation,(alpha * h * nu)^(1/n) vs h * nu
P7-SYNTH-337,P7-SYNTH-337-S01,ELECTRICAL,Electrical Resistance,71653.11,Ohm,Ohm's Law Linear Regression,V = I * R
P7-SYNTH-337,P7-SYNTH-337-S01,ELECTRICAL,Electrical Resistivity,1.4941,Ohm*cm,Geometric Resistance Formula,rho = R * A / L
P7-SYNTH-337,P7-SYNTH-337-S01,ELECTRICAL,Electrical Conductivity,0.66929,S/cm,Reciprocal Resistivity,sigma = 1 / rho
P7-SYNTH-338,P7-SYNTH-338-S01,XRD,Crystallite Size,23.88,nm,Scherrer Equation,D = (K * lambda) / (beta * cos(theta))
P7-SYNTH-338,P7-SYNTH-338-S01,UV_VIS,Optical Band Gap,1.436,eV,Tauc Plot Linear Extrapolation,(alpha * h * nu)^(1/n) vs h * nu
P7-SYNTH-338,P7-SYNTH-338-S01,ELECTRICAL,Electrical Resistance,28454.73,Ohm,Ohm's Law Linear Regression,V = I * R
P7-SYNTH-338,P7-SYNTH-338-S01,ELECTRICAL,Electrical Resistivity,0.9432,Ohm*cm,Geometric Resistance Formula,rho = R * A / L
P7-SYNTH-338,P7-SYNTH-338-S01,ELECTRICAL,Electrical Conductivity,1.06027,S/cm,Reciprocal Resistivity,sigma = 1 / rho
P7-SYNTH-339,P7-SYNTH-339-S01,XRD,Crystallite Size,24.46,nm,Scherrer Equation,D = (K * lambda) / (beta * cos(theta))
P7-SYNTH-339,P7-SYNTH-339-S01,UV_VIS,Optical Band Gap,1.451,eV,Tauc Plot Linear Extrapolation,(alpha * h * nu)^(1/n) vs h * nu
P7-SYNTH-339,P7-SYNTH-339-S01,ELECTRICAL,Electrical Resistance,65875.94,Ohm,Ohm's Law Linear Regression,V = I * R
P7-SYNTH-339,P7-SYNTH-339-S01,ELECTRICAL,Electrical Resistivity,1.6477,Ohm*cm,Geometric Resistance Formula,rho = R * A / L
P7-SYNTH-339,P7-SYNTH-339-S01,ELECTRICAL,Electrical Conductivity,0.60689,S/cm,Reciprocal Resistivity,sigma = 1 / rho
P7-SYNTH-340,P7-SYNTH-340-S01,XRD,Crystallite Size,25.26,nm,Scherrer Equation,D = (K * lambda) / (beta * cos(theta))
P7-SYNTH-340,P7-SYNTH-340-S01,UV_VIS,Optical Band Gap,1.441,eV,Tauc Plot Linear Extrapolation,(alpha * h * nu)^(1/n) vs h * nu
P7-SYNTH-340,P7-SYNTH-340-S01,ELECTRICAL,Electrical Resistance,40365.15,Ohm,Ohm's Law Linear Regression,V = I * R
P7-SYNTH-340,P7-SYNTH-340-S01,ELECTRICAL,Electrical Resistivity,1.3174,Ohm*cm,Geometric Resistance Formula,rho = R * A / L
P7-SYNTH-340,P7-SYNTH-340-S01,ELECTRICAL,Electrical Conductivity,0.75908,S/cm,Reciprocal Resistivity,sigma = 1 / rho
P7-SYNTH-341,P7-SYNTH-341-S01,XRD,Crystallite Size,18.71,nm,Scherrer Equation,D = (K * lambda) / (beta * cos(theta))
P7-SYNTH-341,P7-SYNTH-341-S01,UV_VIS,Optical Band Gap,1.509,eV,Tauc Plot Linear Extrapolation,(alpha * h * nu)^(1/n) vs h * nu
P7-SYNTH-341,P7-SYNTH-341-S01,ELECTRICAL,Electrical Resistance,599196.83,Ohm,Ohm's Law Linear Regression,V = I * R
P7-SYNTH-341,P7-SYNTH-341-S01,ELECTRICAL,Electrical Resistivity,7.1261,Ohm*cm,Geometric Resistance Formula,rho = R * A / L
P7-SYNTH-341,P7-SYNTH-341-S01,ELECTRICAL,Electrical Conductivity,0.14033,S/cm,Reciprocal Resistivity,sigma = 1 / rho
P7-SYNTH-342,P7-SYNTH-342-S01,XRD,Crystallite Size,21.52,nm,Scherrer Equation,D = (K * lambda) / (beta * cos(theta))
P7-SYNTH-342,P7-SYNTH-342-S01,ELECTRICAL,Electrical Resistance,291076.23,Ohm,Ohm's Law Linear Regression,V = I * R
P7-SYNTH-342,P7-SYNTH-342-S01,ELECTRICAL,Electrical Resistivity,4.5054,Ohm*cm,Geometric Resistance Formula,rho = R * A / L
P7-SYNTH-342,P7-SYNTH-342-S01,ELECTRICAL,Electrical Conductivity,0.22196,S/cm,Reciprocal Resistivity,sigma = 1 / rho
P7-SYNTH-343,P7-SYNTH-343-S01,XRD,Crystallite Size,26.56,nm,Scherrer Equation,D = (K * lambda) / (beta * cos(theta))
P7-SYNTH-343,P7-SYNTH-343-S01,UV_VIS,Optical Band Gap,1.41,eV,Tauc Plot Linear Extrapolation,(alpha * h * nu)^(1/n) vs h * nu
P7-SYNTH-343,P7-SYNTH-343-S01,ELECTRICAL,Electrical Resistance,121147.04,Ohm,Ohm's Law Linear Regression,V = I * R
P7-SYNTH-343,P7-SYNTH-343-S01,ELECTRICAL,Electrical Resistivity,2.5731,Ohm*cm,Geometric Resistance Formula,rho = R * A / L
P7-SYNTH-343,P7-SYNTH-343-S01,ELECTRICAL,Electrical Conductivity,0.38864,S/cm,Reciprocal Resistivity,sigma = 1 / rho
P7-SYNTH-344,P7-SYNTH-344-S01,XRD,Crystallite Size,29.9,nm,Scherrer Equation,D = (K * lambda) / (beta * cos(theta))
P7-SYNTH-344,P7-SYNTH-344-S01,ELECTRICAL,Electrical Resistance,85918.02,Ohm,Ohm's Law Linear Regression,V = I * R
P7-SYNTH-344,P7-SYNTH-344-S01,ELECTRICAL,Electrical Resistivity,1.8353,Ohm*cm,Geometric Resistance Formula,rho = R * A / L
P7-SYNTH-344,P7-SYNTH-344-S01,ELECTRICAL,Electrical Conductivity,0.54487,S/cm,Reciprocal Resistivity,sigma = 1 / rho
P7-SYNTH-345,P7-SYNTH-345-S01,XRD,Crystallite Size,31.56,nm,Scherrer Equation,D = (K * lambda) / (beta * cos(theta))
P7-SYNTH-345,P7-SYNTH-345-S01,UV_VIS,Optical Band Gap,1.374,eV,Tauc Plot Linear Extrapolation,(alpha * h * nu)^(1/n) vs h * nu
P7-SYNTH-345,P7-SYNTH-345-S01,ELECTRICAL,Electrical Resistance,80280.08,Ohm,Ohm's Law Linear Regression,V = I * R
P7-SYNTH-345,P7-SYNTH-345-S01,ELECTRICAL,Electrical Resistivity,2.8799,Ohm*cm,Geometric Resistance Formula,rho = R * A / L
P7-SYNTH-345,P7-SYNTH-345-S01,ELECTRICAL,Electrical Conductivity,0.34723,S/cm,Reciprocal Resistivity,sigma = 1 / rho
P7-SYNTH-346,P7-SYNTH-346-S01,XRD,Crystallite Size,18.72,nm,Scherrer Equation,D = (K * lambda) / (beta * cos(theta))
P7-SYNTH-346,P7-SYNTH-346-S01,UV_VIS,Optical Band Gap,1.51,eV,Tauc Plot Linear Extrapolation,(alpha * h * nu)^(1/n) vs h * nu
P7-SYNTH-346,P7-SYNTH-346-S01,ELECTRICAL,Electrical Resistance,93265.13,Ohm,Ohm's Law Linear Regression,V = I * R
P7-SYNTH-346,P7-SYNTH-346-S01,ELECTRICAL,Electrical Resistivity,3.0221,Ohm*cm,Geometric Resistance Formula,rho = R * A / L
P7-SYNTH-346,P7-SYNTH-346-S01,ELECTRICAL,Electrical Conductivity,0.3309,S/cm,Reciprocal Resistivity,sigma = 1 / rho
P7-SYNTH-347,P7-SYNTH-347-S01,XRD,Crystallite Size,23.92,nm,Scherrer Equation,D = (K * lambda) / (beta * cos(theta))
P7-SYNTH-347,P7-SYNTH-347-S01,UV_VIS,Optical Band Gap,1.453,eV,Tauc Plot Linear Extrapolation,(alpha * h * nu)^(1/n) vs h * nu
P7-SYNTH-347,P7-SYNTH-347-S01,ELECTRICAL,Electrical Resistance,25555.88,Ohm,Ohm's Law Linear Regression,V = I * R
P7-SYNTH-347,P7-SYNTH-347-S01,ELECTRICAL,Electrical Resistivity,1.1189,Ohm*cm,Geometric Resistance Formula,rho = R * A / L
P7-SYNTH-347,P7-SYNTH-347-S01,ELECTRICAL,Electrical Conductivity,0.89372,S/cm,Reciprocal Resistivity,sigma = 1 / rho
P7-SYNTH-348,P7-SYNTH-348-S01,XRD,Crystallite Size,28.33,nm,Scherrer Equation,D = (K * lambda) / (beta * cos(theta))
P7-SYNTH-348,P7-SYNTH-348-S01,UV_VIS,Optical Band Gap,1.423,eV,Tauc Plot Linear Extrapolation,(alpha * h * nu)^(1/n) vs h * nu
P7-SYNTH-348,P7-SYNTH-348-S01,ELECTRICAL,Electrical Resistance,33259.35,Ohm,Ohm's Law Linear Regression,V = I * R
P7-SYNTH-348,P7-SYNTH-348-S01,ELECTRICAL,Electrical Resistivity,1.6789,Ohm*cm,Geometric Resistance Formula,rho = R * A / L
P7-SYNTH-348,P7-SYNTH-348-S01,ELECTRICAL,Electrical Conductivity,0.59562,S/cm,Reciprocal Resistivity,sigma = 1 / rho
P7-SYNTH-349,P7-SYNTH-349-S01,XRD,Crystallite Size,28.48,nm,Scherrer Equation,D = (K * lambda) / (beta * cos(theta))
P7-SYNTH-349,P7-SYNTH-349-S01,UV_VIS,Optical Band Gap,1.404,eV,Tauc Plot Linear Extrapolation,(alpha * h * nu)^(1/n) vs h * nu
P7-SYNTH-349,P7-SYNTH-349-S01,ELECTRICAL,Electrical Resistance,28670.08,Ohm,Ohm's Law Linear Regression,V = I * R
P7-SYNTH-349,P7-SYNTH-349-S01,ELECTRICAL,Electrical Resistivity,1.7343,Ohm*cm,Geometric Resistance Formula,rho = R * A / L
P7-SYNTH-349,P7-SYNTH-349-S01,ELECTRICAL,Electrical Conductivity,0.57659,S/cm,Reciprocal Resistivity,sigma = 1 / rho
P7-SYNTH-350,P7-SYNTH-350-S01,XRD,Crystallite Size,31.57,nm,Scherrer Equation,D = (K * lambda) / (beta * cos(theta))
P7-SYNTH-350,P7-SYNTH-350-S01,UV_VIS,Optical Band Gap,1.395,eV,Tauc Plot Linear Extrapolation,(alpha * h * nu)^(1/n) vs h * nu
P7-SYNTH-350,P7-SYNTH-350-S01,ELECTRICAL,Electrical Resistance,30008.9,Ohm,Ohm's Law Linear Regression,V = I * R
P7-SYNTH-350,P7-SYNTH-350-S01,ELECTRICAL,Electrical Resistivity,1.8169,Ohm*cm,Geometric Resistance Formula,rho = R * A / L
P7-SYNTH-350,P7-SYNTH-350-S01,ELECTRICAL,Electrical Conductivity,0.5504,S/cm,Reciprocal Resistivity,sigma = 1 / rho
P7-SYNTH-351,P7-SYNTH-351-S01,XRD,Crystallite Size,15.66,nm,Scherrer Equation,D = (K * lambda) / (beta * cos(theta))
P7-SYNTH-351,P7-SYNTH-351-S01,UV_VIS,Optical Band Gap,1.528,eV,Tauc Plot Linear Extrapolation,(alpha * h * nu)^(1/n) vs h * nu
P7-SYNTH-351,P7-SYNTH-351-S01,ELECTRICAL,Electrical Resistance,553184.88,Ohm,Ohm's Law Linear Regression,V = I * R
P7-SYNTH-351,P7-SYNTH-351-S01,ELECTRICAL,Electrical Resistivity,7.2313,Ohm*cm,Geometric Resistance Formula,rho = R * A / L
P7-SYNTH-351,P7-SYNTH-351-S01,ELECTRICAL,Electrical Conductivity,0.13829,S/cm,Reciprocal Resistivity,sigma = 1 / rho
P7-SYNTH-352,P7-SYNTH-352-S01,XRD,Crystallite Size,19.2,nm,Scherrer Equation,D = (K * lambda) / (beta * cos(theta))
P7-SYNTH-352,P7-SYNTH-352-S01,ELECTRICAL,Electrical Resistance,241467.66,Ohm,Ohm's Law Linear Regression,V = I * R
P7-SYNTH-352,P7-SYNTH-352-S01,ELECTRICAL,Electrical Resistivity,3.5275,Ohm*cm,Geometric Resistance Formula,rho = R * A / L
P7-SYNTH-352,P7-SYNTH-352-S01,ELECTRICAL,Electrical Conductivity,0.28349,S/cm,Reciprocal Resistivity,sigma = 1 / rho
P7-SYNTH-353,P7-SYNTH-353-S01,XRD,Crystallite Size,21.56,nm,Scherrer Equation,D = (K * lambda) / (beta * cos(theta))
P7-SYNTH-353,P7-SYNTH-353-S01,UV_VIS,Optical Band Gap,1.434,eV,Tauc Plot Linear Extrapolation,(alpha * h * nu)^(1/n) vs h * nu
P7-SYNTH-353,P7-SYNTH-353-S01,ELECTRICAL,Electrical Resistance,51022.21,Ohm,Ohm's Law Linear Regression,V = I * R
P7-SYNTH-353,P7-SYNTH-353-S01,ELECTRICAL,Electrical Resistivity,1.16,Ohm*cm,Geometric Resistance Formula,rho = R * A / L
P7-SYNTH-353,P7-SYNTH-353-S01,ELECTRICAL,Electrical Conductivity,0.86205,S/cm,Reciprocal Resistivity,sigma = 1 / rho
P7-SYNTH-354,P7-SYNTH-354-S01,XRD,Crystallite Size,24.22,nm,Scherrer Equation,D = (K * lambda) / (beta * cos(theta))
P7-SYNTH-354,P7-SYNTH-354-S01,UV_VIS,Optical Band Gap,1.42,eV,Tauc Plot Linear Extrapolation,(alpha * h * nu)^(1/n) vs h * nu
P7-SYNTH-354,P7-SYNTH-354-S01,ELECTRICAL,Electrical Resistance,103327.22,Ohm,Ohm's Law Linear Regression,V = I * R
P7-SYNTH-354,P7-SYNTH-354-S01,ELECTRICAL,Electrical Resistivity,2.2674,Ohm*cm,Geometric Resistance Formula,rho = R * A / L
P7-SYNTH-354,P7-SYNTH-354-S01,ELECTRICAL,Electrical Conductivity,0.44104,S/cm,Reciprocal Resistivity,sigma = 1 / rho
P7-SYNTH-355,P7-SYNTH-355-S01,XRD,Crystallite Size,27.8,nm,Scherrer Equation,D = (K * lambda) / (beta * cos(theta))
P7-SYNTH-355,P7-SYNTH-355-S01,UV_VIS,Optical Band Gap,1.407,eV,Tauc Plot Linear Extrapolation,(alpha * h * nu)^(1/n) vs h * nu
P7-SYNTH-355,P7-SYNTH-355-S01,ELECTRICAL,Electrical Resistance,110483.65,Ohm,Ohm's Law Linear Regression,V = I * R
P7-SYNTH-355,P7-SYNTH-355-S01,ELECTRICAL,Electrical Resistivity,3.3526,Ohm*cm,Geometric Resistance Formula,rho = R * A / L
P7-SYNTH-355,P7-SYNTH-355-S01,ELECTRICAL,Electrical Conductivity,0.29827,S/cm,Reciprocal Resistivity,sigma = 1 / rho
P7-SYNTH-356,P7-SYNTH-356-S01,XRD,Crystallite Size,15.45,nm,Scherrer Equation,D = (K * lambda) / (beta * cos(theta))
P7-SYNTH-356,P7-SYNTH-356-S01,ELECTRICAL,Electrical Resistance,78885.87,Ohm,Ohm's Law Linear Regression,V = I * R
P7-SYNTH-356,P7-SYNTH-356-S01,ELECTRICAL,Electrical Resistivity,2.2208,Ohm*cm,Geometric Resistance Formula,rho = R * A / L
P7-SYNTH-356,P7-SYNTH-356-S01,ELECTRICAL,Electrical Conductivity,0.45029,S/cm,Reciprocal Resistivity,sigma = 1 / rho
P7-SYNTH-357,P7-SYNTH-357-S01,ELECTRICAL,Electrical Resistance,45222.73,Ohm,Ohm's Law Linear Regression,V = I * R
P7-SYNTH-357,P7-SYNTH-357-S01,ELECTRICAL,Electrical Resistivity,2.1685,Ohm*cm,Geometric Resistance Formula,rho = R * A / L
P7-SYNTH-357,P7-SYNTH-357-S01,ELECTRICAL,Electrical Conductivity,0.46114,S/cm,Reciprocal Resistivity,sigma = 1 / rho
P7-SYNTH-358,P7-SYNTH-358-S01,XRD,Crystallite Size,21.84,nm,Scherrer Equation,D = (K * lambda) / (beta * cos(theta))
P7-SYNTH-358,P7-SYNTH-358-S01,UV_VIS,Optical Band Gap,1.483,eV,Tauc Plot Linear Extrapolation,(alpha * h * nu)^(1/n) vs h * nu
P7-SYNTH-358,P7-SYNTH-358-S01,ELECTRICAL,Electrical Resistance,44535.83,Ohm,Ohm's Law Linear Regression,V = I * R
P7-SYNTH-358,P7-SYNTH-358-S01,ELECTRICAL,Electrical Resistivity,1.9625,Ohm*cm,Geometric Resistance Formula,rho = R * A / L
P7-SYNTH-358,P7-SYNTH-358-S01,ELECTRICAL,Electrical Conductivity,0.50956,S/cm,Reciprocal Resistivity,sigma = 1 / rho
P7-SYNTH-359,P7-SYNTH-359-S01,XRD,Crystallite Size,24.35,nm,Scherrer Equation,D = (K * lambda) / (beta * cos(theta))
P7-SYNTH-359,P7-SYNTH-359-S01,UV_VIS,Optical Band Gap,1.453,eV,Tauc Plot Linear Extrapolation,(alpha * h * nu)^(1/n) vs h * nu
P7-SYNTH-359,P7-SYNTH-359-S01,ELECTRICAL,Electrical Resistance,24667.93,Ohm,Ohm's Law Linear Regression,V = I * R
P7-SYNTH-359,P7-SYNTH-359-S01,ELECTRICAL,Electrical Resistivity,1.4445,Ohm*cm,Geometric Resistance Formula,rho = R * A / L
P7-SYNTH-359,P7-SYNTH-359-S01,ELECTRICAL,Electrical Conductivity,0.6923,S/cm,Reciprocal Resistivity,sigma = 1 / rho
P7-SYNTH-360,P7-SYNTH-360-S01,XRD,Crystallite Size,26.37,nm,Scherrer Equation,D = (K * lambda) / (beta * cos(theta))
P7-SYNTH-360,P7-SYNTH-360-S01,ELECTRICAL,Electrical Resistance,57561.39,Ohm,Ohm's Law Linear Regression,V = I * R
P7-SYNTH-360,P7-SYNTH-360-S01,ELECTRICAL,Electrical Resistivity,3.7052,Ohm*cm,Geometric Resistance Formula,rho = R * A / L
P7-SYNTH-360,P7-SYNTH-360-S01,ELECTRICAL,Electrical Conductivity,0.26989,S/cm,Reciprocal Resistivity,sigma = 1 / rho
P7-SYNTH-361,P7-SYNTH-361-S01,XRD,Crystallite Size,16.9,nm,Scherrer Equation,D = (K * lambda) / (beta * cos(theta))
P7-SYNTH-361,P7-SYNTH-361-S01,UV_VIS,Optical Band Gap,1.484,eV,Tauc Plot Linear Extrapolation,(alpha * h * nu)^(1/n) vs h * nu
P7-SYNTH-361,P7-SYNTH-361-S01,ELECTRICAL,Electrical Resistance,515693.25,Ohm,Ohm's Law Linear Regression,V = I * R
P7-SYNTH-361,P7-SYNTH-361-S01,ELECTRICAL,Electrical Resistivity,7.2011,Ohm*cm,Geometric Resistance Formula,rho = R * A / L
P7-SYNTH-361,P7-SYNTH-361-S01,ELECTRICAL,Electrical Conductivity,0.13887,S/cm,Reciprocal Resistivity,sigma = 1 / rho
P7-SYNTH-362,P7-SYNTH-362-S01,XRD,Crystallite Size,20.77,nm,Scherrer Equation,D = (K * lambda) / (beta * cos(theta))
P7-SYNTH-363,P7-SYNTH-363-S01,XRD,Crystallite Size,24.02,nm,Scherrer Equation,D = (K * lambda) / (beta * cos(theta))
P7-SYNTH-363,P7-SYNTH-363-S01,UV_VIS,Optical Band Gap,1.408,eV,Tauc Plot Linear Extrapolation,(alpha * h * nu)^(1/n) vs h * nu
P7-SYNTH-363,P7-SYNTH-363-S01,ELECTRICAL,Electrical Resistance,81996.2,Ohm,Ohm's Law Linear Regression,V = I * R
P7-SYNTH-363,P7-SYNTH-363-S01,ELECTRICAL,Electrical Resistivity,2.0317,Ohm*cm,Geometric Resistance Formula,rho = R * A / L
P7-SYNTH-363,P7-SYNTH-363-S01,ELECTRICAL,Electrical Conductivity,0.4922,S/cm,Reciprocal Resistivity,sigma = 1 / rho
P7-SYNTH-364,P7-SYNTH-364-S01,XRD,Crystallite Size,27.19,nm,Scherrer Equation,D = (K * lambda) / (beta * cos(theta))
P7-SYNTH-364,P7-SYNTH-364-S01,ELECTRICAL,Electrical Resistance,115380.94,Ohm,Ohm's Law Linear Regression,V = I * R
P7-SYNTH-364,P7-SYNTH-364-S01,ELECTRICAL,Electrical Resistivity,2.8767,Ohm*cm,Geometric Resistance Formula,rho = R * A / L
P7-SYNTH-364,P7-SYNTH-364-S01,ELECTRICAL,Electrical Conductivity,0.34762,S/cm,Reciprocal Resistivity,sigma = 1 / rho
P7-SYNTH-365,P7-SYNTH-365-S01,XRD,Crystallite Size,29.71,nm,Scherrer Equation,D = (K * lambda) / (beta * cos(theta))
P7-SYNTH-365,P7-SYNTH-365-S01,UV_VIS,Optical Band Gap,1.351,eV,Tauc Plot Linear Extrapolation,(alpha * h * nu)^(1/n) vs h * nu
P7-SYNTH-365,P7-SYNTH-365-S01,ELECTRICAL,Electrical Resistance,79904.71,Ohm,Ohm's Law Linear Regression,V = I * R
P7-SYNTH-365,P7-SYNTH-365-S01,ELECTRICAL,Electrical Resistivity,2.564,Ohm*cm,Geometric Resistance Formula,rho = R * A / L
P7-SYNTH-365,P7-SYNTH-365-S01,ELECTRICAL,Electrical Conductivity,0.39001,S/cm,Reciprocal Resistivity,sigma = 1 / rho
P7-SYNTH-366,P7-SYNTH-366-S01,XRD,Crystallite Size,18.5,nm,Scherrer Equation,D = (K * lambda) / (beta * cos(theta))
P7-SYNTH-366,P7-SYNTH-366-S01,UV_VIS,Optical Band Gap,1.505,eV,Tauc Plot Linear Extrapolation,(alpha * h * nu)^(1/n) vs h * nu
P7-SYNTH-366,P7-SYNTH-366-S01,ELECTRICAL,Electrical Resistance,87242.2,Ohm,Ohm's Law Linear Regression,V = I * R
P7-SYNTH-366,P7-SYNTH-366-S01,ELECTRICAL,Electrical Resistivity,2.7484,Ohm*cm,Geometric Resistance Formula,rho = R * A / L
P7-SYNTH-366,P7-SYNTH-366-S01,ELECTRICAL,Electrical Conductivity,0.36384,S/cm,Reciprocal Resistivity,sigma = 1 / rho
P7-SYNTH-367,P7-SYNTH-367-S01,XRD,Crystallite Size,23.99,nm,Scherrer Equation,D = (K * lambda) / (beta * cos(theta))
P7-SYNTH-367,P7-SYNTH-367-S01,ELECTRICAL,Electrical Resistance,40159.56,Ohm,Ohm's Law Linear Regression,V = I * R
P7-SYNTH-367,P7-SYNTH-367-S01,ELECTRICAL,Electrical Resistivity,1.787,Ohm*cm,Geometric Resistance Formula,rho = R * A / L
P7-SYNTH-367,P7-SYNTH-367-S01,ELECTRICAL,Electrical Conductivity,0.55961,S/cm,Reciprocal Resistivity,sigma = 1 / rho
P7-SYNTH-368,P7-SYNTH-368-S01,XRD,Crystallite Size,28.38,nm,Scherrer Equation,D = (K * lambda) / (beta * cos(theta))
P7-SYNTH-368,P7-SYNTH-368-S01,UV_VIS,Optical Band Gap,1.384,eV,Tauc Plot Linear Extrapolation,(alpha * h * nu)^(1/n) vs h * nu
P7-SYNTH-368,P7-SYNTH-368-S01,ELECTRICAL,Electrical Resistance,20490.61,Ohm,Ohm's Law Linear Regression,V = I * R
P7-SYNTH-368,P7-SYNTH-368-S01,ELECTRICAL,Electrical Resistivity,0.9758,Ohm*cm,Geometric Resistance Formula,rho = R * A / L
P7-SYNTH-368,P7-SYNTH-368-S01,ELECTRICAL,Electrical Conductivity,1.02484,S/cm,Reciprocal Resistivity,sigma = 1 / rho
P7-SYNTH-369,P7-SYNTH-369-S01,XRD,Crystallite Size,29.14,nm,Scherrer Equation,D = (K * lambda) / (beta * cos(theta))
P7-SYNTH-369,P7-SYNTH-369-S01,ELECTRICAL,Electrical Resistance,33931.25,Ohm,Ohm's Law Linear Regression,V = I * R
P7-SYNTH-369,P7-SYNTH-369-S01,ELECTRICAL,Electrical Resistivity,2.1881,Ohm*cm,Geometric Resistance Formula,rho = R * A / L
P7-SYNTH-369,P7-SYNTH-369-S01,ELECTRICAL,Electrical Conductivity,0.45701,S/cm,Reciprocal Resistivity,sigma = 1 / rho
P7-SYNTH-370,P7-SYNTH-370-S01,XRD,Crystallite Size,31.61,nm,Scherrer Equation,D = (K * lambda) / (beta * cos(theta))
P7-SYNTH-370,P7-SYNTH-370-S01,UV_VIS,Optical Band Gap,1.406,eV,Tauc Plot Linear Extrapolation,(alpha * h * nu)^(1/n) vs h * nu
P7-SYNTH-370,P7-SYNTH-370-S01,ELECTRICAL,Electrical Resistance,47422.07,Ohm,Ohm's Law Linear Regression,V = I * R
P7-SYNTH-370,P7-SYNTH-370-S01,ELECTRICAL,Electrical Resistivity,2.9994,Ohm*cm,Geometric Resistance Formula,rho = R * A / L
P7-SYNTH-370,P7-SYNTH-370-S01,ELECTRICAL,Electrical Conductivity,0.33341,S/cm,Reciprocal Resistivity,sigma = 1 / rho
P7-SYNTH-371,P7-SYNTH-371-S01,XRD,Crystallite Size,16.62,nm,Scherrer Equation,D = (K * lambda) / (beta * cos(theta))
P7-SYNTH-371,P7-SYNTH-371-S01,UV_VIS,Optical Band Gap,1.494,eV,Tauc Plot Linear Extrapolation,(alpha * h * nu)^(1/n) vs h * nu
P7-SYNTH-371,P7-SYNTH-371-S01,ELECTRICAL,Electrical Resistance,260187.71,Ohm,Ohm's Law Linear Regression,V = I * R
P7-SYNTH-371,P7-SYNTH-371-S01,ELECTRICAL,Electrical Resistivity,3.7409,Ohm*cm,Geometric Resistance Formula,rho = R * A / L
P7-SYNTH-371,P7-SYNTH-371-S01,ELECTRICAL,Electrical Conductivity,0.26732,S/cm,Reciprocal Resistivity,sigma = 1 / rho
P7-SYNTH-372,P7-SYNTH-372-S01,XRD,Crystallite Size,19.14,nm,Scherrer Equation,D = (K * lambda) / (beta * cos(theta))
P7-SYNTH-372,P7-SYNTH-372-S01,UV_VIS,Optical Band Gap,1.488,eV,Tauc Plot Linear Extrapolation,(alpha * h * nu)^(1/n) vs h * nu
P7-SYNTH-372,P7-SYNTH-372-S01,ELECTRICAL,Electrical Resistance,227256.5,Ohm,Ohm's Law Linear Regression,V = I * R
P7-SYNTH-372,P7-SYNTH-372-S01,ELECTRICAL,Electrical Resistivity,3.4297,Ohm*cm,Geometric Resistance Formula,rho = R * A / L
P7-SYNTH-372,P7-SYNTH-372-S01,ELECTRICAL,Electrical Conductivity,0.29157,S/cm,Reciprocal Resistivity,sigma = 1 / rho
P7-SYNTH-373,P7-SYNTH-373-S01,XRD,Crystallite Size,22.47,nm,Scherrer Equation,D = (K * lambda) / (beta * cos(theta))
P7-SYNTH-373,P7-SYNTH-373-S01,UV_VIS,Optical Band Gap,1.463,eV,Tauc Plot Linear Extrapolation,(alpha * h * nu)^(1/n) vs h * nu
P7-SYNTH-373,P7-SYNTH-373-S01,ELECTRICAL,Electrical Resistance,77499.65,Ohm,Ohm's Law Linear Regression,V = I * R
P7-SYNTH-373,P7-SYNTH-373-S01,ELECTRICAL,Electrical Resistivity,1.884,Ohm*cm,Geometric Resistance Formula,rho = R * A / L
P7-SYNTH-373,P7-SYNTH-373-S01,ELECTRICAL,Electrical Conductivity,0.53078,S/cm,Reciprocal Resistivity,sigma = 1 / rho
P7-SYNTH-374,P7-SYNTH-374-S01,XRD,Crystallite Size,24.49,nm,Scherrer Equation,D = (K * lambda) / (beta * cos(theta))
P7-SYNTH-374,P7-SYNTH-374-S01,UV_VIS,Optical Band Gap,1.446,eV,Tauc Plot Linear Extrapolation,(alpha * h * nu)^(1/n) vs h * nu
P7-SYNTH-374,P7-SYNTH-374-S01,ELECTRICAL,Electrical Resistance,58458.15,Ohm,Ohm's Law Linear Regression,V = I * R
P7-SYNTH-374,P7-SYNTH-374-S01,ELECTRICAL,Electrical Resistivity,1.5207,Ohm*cm,Geometric Resistance Formula,rho = R * A / L
P7-SYNTH-374,P7-SYNTH-374-S01,ELECTRICAL,Electrical Conductivity,0.65761,S/cm,Reciprocal Resistivity,sigma = 1 / rho
P7-SYNTH-375,P7-SYNTH-375-S01,XRD,Crystallite Size,27.92,nm,Scherrer Equation,D = (K * lambda) / (beta * cos(theta))
P7-SYNTH-375,P7-SYNTH-375-S01,UV_VIS,Optical Band Gap,1.427,eV,Tauc Plot Linear Extrapolation,(alpha * h * nu)^(1/n) vs h * nu
P7-SYNTH-375,P7-SYNTH-375-S01,ELECTRICAL,Electrical Resistance,108059.6,Ohm,Ohm's Law Linear Regression,V = I * R
P7-SYNTH-375,P7-SYNTH-375-S01,ELECTRICAL,Electrical Resistivity,3.3479,Ohm*cm,Geometric Resistance Formula,rho = R * A / L
P7-SYNTH-375,P7-SYNTH-375-S01,ELECTRICAL,Electrical Conductivity,0.29869,S/cm,Reciprocal Resistivity,sigma = 1 / rho
P7-SYNTH-376,P7-SYNTH-376-S01,XRD,Crystallite Size,16.73,nm,Scherrer Equation,D = (K * lambda) / (beta * cos(theta))
P7-SYNTH-376,P7-SYNTH-376-S01,UV_VIS,Optical Band Gap,1.502,eV,Tauc Plot Linear Extrapolation,(alpha * h * nu)^(1/n) vs h * nu
P7-SYNTH-376,P7-SYNTH-376-S01,ELECTRICAL,Electrical Resistance,92382.25,Ohm,Ohm's Law Linear Regression,V = I * R
P7-SYNTH-376,P7-SYNTH-376-S01,ELECTRICAL,Electrical Resistivity,2.8128,Ohm*cm,Geometric Resistance Formula,rho = R * A / L
P7-SYNTH-376,P7-SYNTH-376-S01,ELECTRICAL,Electrical Conductivity,0.35552,S/cm,Reciprocal Resistivity,sigma = 1 / rho
P7-SYNTH-378,P7-SYNTH-378-S01,XRD,Crystallite Size,22.89,nm,Scherrer Equation,D = (K * lambda) / (beta * cos(theta))
P7-SYNTH-378,P7-SYNTH-378-S01,UV_VIS,Optical Band Gap,1.469,eV,Tauc Plot Linear Extrapolation,(alpha * h * nu)^(1/n) vs h * nu
P7-SYNTH-378,P7-SYNTH-378-S01,ELECTRICAL,Electrical Resistance,47749.19,Ohm,Ohm's Law Linear Regression,V = I * R
P7-SYNTH-378,P7-SYNTH-378-S01,ELECTRICAL,Electrical Resistivity,1.7785,Ohm*cm,Geometric Resistance Formula,rho = R * A / L
P7-SYNTH-378,P7-SYNTH-378-S01,ELECTRICAL,Electrical Conductivity,0.56226,S/cm,Reciprocal Resistivity,sigma = 1 / rho
P7-SYNTH-379,P7-SYNTH-379-S01,XRD,Crystallite Size,25.64,nm,Scherrer Equation,D = (K * lambda) / (beta * cos(theta))
P7-SYNTH-379,P7-SYNTH-379-S01,UV_VIS,Optical Band Gap,1.441,eV,Tauc Plot Linear Extrapolation,(alpha * h * nu)^(1/n) vs h * nu
P7-SYNTH-379,P7-SYNTH-379-S01,ELECTRICAL,Electrical Resistance,39344.36,Ohm,Ohm's Law Linear Regression,V = I * R
P7-SYNTH-379,P7-SYNTH-379-S01,ELECTRICAL,Electrical Resistivity,2.1705,Ohm*cm,Geometric Resistance Formula,rho = R * A / L
P7-SYNTH-379,P7-SYNTH-379-S01,ELECTRICAL,Electrical Conductivity,0.46073,S/cm,Reciprocal Resistivity,sigma = 1 / rho
P7-SYNTH-380,P7-SYNTH-380-S01,XRD,Crystallite Size,27.36,nm,Scherrer Equation,D = (K * lambda) / (beta * cos(theta))
P7-SYNTH-380,P7-SYNTH-380-S01,UV_VIS,Optical Band Gap,1.41,eV,Tauc Plot Linear Extrapolation,(alpha * h * nu)^(1/n) vs h * nu
P7-SYNTH-380,P7-SYNTH-380-S01,ELECTRICAL,Electrical Resistance,51772.11,Ohm,Ohm's Law Linear Regression,V = I * R
P7-SYNTH-380,P7-SYNTH-380-S01,ELECTRICAL,Electrical Resistivity,2.7937,Ohm*cm,Geometric Resistance Formula,rho = R * A / L
P7-SYNTH-380,P7-SYNTH-380-S01,ELECTRICAL,Electrical Conductivity,0.35795,S/cm,Reciprocal Resistivity,sigma = 1 / rho
P7-SYNTH-381,P7-SYNTH-381-S01,XRD,Crystallite Size,23.01,nm,Scherrer Equation,D = (K * lambda) / (beta * cos(theta))
P7-SYNTH-381,P7-SYNTH-381-S01,UV_VIS,Optical Band Gap,1.426,eV,Tauc Plot Linear Extrapolation,(alpha * h * nu)^(1/n) vs h * nu
P7-SYNTH-381,P7-SYNTH-381-S01,ELECTRICAL,Electrical Resistance,49092.17,Ohm,Ohm's Law Linear Regression,V = I * R
P7-SYNTH-381,P7-SYNTH-381-S01,ELECTRICAL,Electrical Resistivity,1.1402,Ohm*cm,Geometric Resistance Formula,rho = R * A / L
P7-SYNTH-381,P7-SYNTH-381-S01,ELECTRICAL,Electrical Conductivity,0.87701,S/cm,Reciprocal Resistivity,sigma = 1 / rho
P7-SYNTH-381,P7-SYNTH-381-S02,XRD,Crystallite Size,24.01,nm,Scherrer Equation,D = (K * lambda) / (beta * cos(theta))
P7-SYNTH-381,P7-SYNTH-381-S02,UV_VIS,Optical Band Gap,1.413,eV,Tauc Plot Linear Extrapolation,(alpha * h * nu)^(1/n) vs h * nu
P7-SYNTH-381,P7-SYNTH-381-S02,ELECTRICAL,Electrical Resistance,53745.73,Ohm,Ohm's Law Linear Regression,V = I * R
P7-SYNTH-381,P7-SYNTH-381-S02,ELECTRICAL,Electrical Resistivity,1.1617,Ohm*cm,Geometric Resistance Formula,rho = R * A / L
P7-SYNTH-381,P7-SYNTH-381-S02,ELECTRICAL,Electrical Conductivity,0.86081,S/cm,Reciprocal Resistivity,sigma = 1 / rho
P7-SYNTH-382,P7-SYNTH-382-S01,XRD,Crystallite Size,23.6,nm,Scherrer Equation,D = (K * lambda) / (beta * cos(theta))
P7-SYNTH-382,P7-SYNTH-382-S01,UV_VIS,Optical Band Gap,1.448,eV,Tauc Plot Linear Extrapolation,(alpha * h * nu)^(1/n) vs h * nu
P7-SYNTH-382,P7-SYNTH-382-S01,ELECTRICAL,Electrical Resistance,60583.69,Ohm,Ohm's Law Linear Regression,V = I * R
P7-SYNTH-382,P7-SYNTH-382-S01,ELECTRICAL,Electrical Resistivity,1.6235,Ohm*cm,Geometric Resistance Formula,rho = R * A / L
P7-SYNTH-382,P7-SYNTH-382-S01,ELECTRICAL,Electrical Conductivity,0.61594,S/cm,Reciprocal Resistivity,sigma = 1 / rho
P7-SYNTH-382,P7-SYNTH-382-S02,XRD,Crystallite Size,23.67,nm,Scherrer Equation,D = (K * lambda) / (beta * cos(theta))
P7-SYNTH-382,P7-SYNTH-382-S02,ELECTRICAL,Electrical Resistance,55725.64,Ohm,Ohm's Law Linear Regression,V = I * R
P7-SYNTH-382,P7-SYNTH-382-S02,ELECTRICAL,Electrical Resistivity,1.4942,Ohm*cm,Geometric Resistance Formula,rho = R * A / L
P7-SYNTH-382,P7-SYNTH-382-S02,ELECTRICAL,Electrical Conductivity,0.66924,S/cm,Reciprocal Resistivity,sigma = 1 / rho
P7-SYNTH-383,P7-SYNTH-383-S01,XRD,Crystallite Size,23.08,nm,Scherrer Equation,D = (K * lambda) / (beta * cos(theta))
P7-SYNTH-383,P7-SYNTH-383-S01,UV_VIS,Optical Band Gap,1.436,eV,Tauc Plot Linear Extrapolation,(alpha * h * nu)^(1/n) vs h * nu
P7-SYNTH-383,P7-SYNTH-383-S01,ELECTRICAL,Electrical Resistance,45701.92,Ohm,Ohm's Law Linear Regression,V = I * R
P7-SYNTH-383,P7-SYNTH-383-S01,ELECTRICAL,Electrical Resistivity,1.1571,Ohm*cm,Geometric Resistance Formula,rho = R * A / L
P7-SYNTH-383,P7-SYNTH-383-S01,ELECTRICAL,Electrical Conductivity,0.86423,S/cm,Reciprocal Resistivity,sigma = 1 / rho
P7-SYNTH-383,P7-SYNTH-383-S02,XRD,Crystallite Size,23.59,nm,Scherrer Equation,D = (K * lambda) / (beta * cos(theta))
P7-SYNTH-383,P7-SYNTH-383-S02,UV_VIS,Optical Band Gap,1.473,eV,Tauc Plot Linear Extrapolation,(alpha * h * nu)^(1/n) vs h * nu
P7-SYNTH-383,P7-SYNTH-383-S02,ELECTRICAL,Electrical Resistance,41534.86,Ohm,Ohm's Law Linear Regression,V = I * R
P7-SYNTH-383,P7-SYNTH-383-S02,ELECTRICAL,Electrical Resistivity,1.0873,Ohm*cm,Geometric Resistance Formula,rho = R * A / L
P7-SYNTH-383,P7-SYNTH-383-S02,ELECTRICAL,Electrical Conductivity,0.91974,S/cm,Reciprocal Resistivity,sigma = 1 / rho
P7-SYNTH-384,P7-SYNTH-384-S01,XRD,Crystallite Size,23.56,nm,Scherrer Equation,D = (K * lambda) / (beta * cos(theta))
P7-SYNTH-384,P7-SYNTH-384-S01,UV_VIS,Optical Band Gap,1.424,eV,Tauc Plot Linear Extrapolation,(alpha * h * nu)^(1/n) vs h * nu
P7-SYNTH-384,P7-SYNTH-384-S01,ELECTRICAL,Electrical Resistance,69629.05,Ohm,Ohm's Law Linear Regression,V = I * R
P7-SYNTH-384,P7-SYNTH-384-S01,ELECTRICAL,Electrical Resistivity,1.7388,Ohm*cm,Geometric Resistance Formula,rho = R * A / L
P7-SYNTH-384,P7-SYNTH-384-S01,ELECTRICAL,Electrical Conductivity,0.57512,S/cm,Reciprocal Resistivity,sigma = 1 / rho
P7-SYNTH-384,P7-SYNTH-384-S02,XRD,Crystallite Size,23.96,nm,Scherrer Equation,D = (K * lambda) / (beta * cos(theta))
P7-SYNTH-384,P7-SYNTH-384-S02,UV_VIS,Optical Band Gap,1.436,eV,Tauc Plot Linear Extrapolation,(alpha * h * nu)^(1/n) vs h * nu
P7-SYNTH-384,P7-SYNTH-384-S02,ELECTRICAL,Electrical Resistance,66680.56,Ohm,Ohm's Law Linear Regression,V = I * R
P7-SYNTH-384,P7-SYNTH-384-S02,ELECTRICAL,Electrical Resistivity,1.7118,Ohm*cm,Geometric Resistance Formula,rho = R * A / L
P7-SYNTH-384,P7-SYNTH-384-S02,ELECTRICAL,Electrical Conductivity,0.58417,S/cm,Reciprocal Resistivity,sigma = 1 / rho
P7-SYNTH-385,P7-SYNTH-385-S01,XRD,Crystallite Size,23.46,nm,Scherrer Equation,D = (K * lambda) / (beta * cos(theta))
P7-SYNTH-385,P7-SYNTH-385-S01,UV_VIS,Optical Band Gap,1.431,eV,Tauc Plot Linear Extrapolation,(alpha * h * nu)^(1/n) vs h * nu
P7-SYNTH-385,P7-SYNTH-385-S01,ELECTRICAL,Electrical Resistance,54165.98,Ohm,Ohm's Law Linear Regression,V = I * R
P7-SYNTH-385,P7-SYNTH-385-S01,ELECTRICAL,Electrical Resistivity,1.2824,Ohm*cm,Geometric Resistance Formula,rho = R * A / L
P7-SYNTH-385,P7-SYNTH-385-S01,ELECTRICAL,Electrical Conductivity,0.7798,S/cm,Reciprocal Resistivity,sigma = 1 / rho
P7-SYNTH-385,P7-SYNTH-385-S02,XRD,Crystallite Size,23.65,nm,Scherrer Equation,D = (K * lambda) / (beta * cos(theta))
P7-SYNTH-385,P7-SYNTH-385-S02,UV_VIS,Optical Band Gap,1.449,eV,Tauc Plot Linear Extrapolation,(alpha * h * nu)^(1/n) vs h * nu
P7-SYNTH-385,P7-SYNTH-385-S02,ELECTRICAL,Electrical Resistance,43319.97,Ohm,Ohm's Law Linear Regression,V = I * R
P7-SYNTH-385,P7-SYNTH-385-S02,ELECTRICAL,Electrical Resistivity,1.1069,Ohm*cm,Geometric Resistance Formula,rho = R * A / L
P7-SYNTH-385,P7-SYNTH-385-S02,ELECTRICAL,Electrical Conductivity,0.90342,S/cm,Reciprocal Resistivity,sigma = 1 / rho
P7-SYNTH-386,P7-SYNTH-386-S01,XRD,Crystallite Size,22.89,nm,Scherrer Equation,D = (K * lambda) / (beta * cos(theta))
P7-SYNTH-386,P7-SYNTH-386-S01,UV_VIS,Optical Band Gap,1.449,eV,Tauc Plot Linear Extrapolation,(alpha * h * nu)^(1/n) vs h * nu
P7-SYNTH-386,P7-SYNTH-386-S01,ELECTRICAL,Electrical Resistance,60094.51,Ohm,Ohm's Law Linear Regression,V = I * R
P7-SYNTH-386,P7-SYNTH-386-S01,ELECTRICAL,Electrical Resistivity,1.551,Ohm*cm,Geometric Resistance Formula,rho = R * A / L
P7-SYNTH-386,P7-SYNTH-386-S01,ELECTRICAL,Electrical Conductivity,0.64477,S/cm,Reciprocal Resistivity,sigma = 1 / rho
P7-SYNTH-386,P7-SYNTH-386-S02,XRD,Crystallite Size,23.21,nm,Scherrer Equation,D = (K * lambda) / (beta * cos(theta))
P7-SYNTH-386,P7-SYNTH-386-S02,UV_VIS,Optical Band Gap,1.444,eV,Tauc Plot Linear Extrapolation,(alpha * h * nu)^(1/n) vs h * nu
P7-SYNTH-386,P7-SYNTH-386-S02,ELECTRICAL,Electrical Resistance,82917.01,Ohm,Ohm's Law Linear Regression,V = I * R
P7-SYNTH-386,P7-SYNTH-386-S02,ELECTRICAL,Electrical Resistivity,1.9183,Ohm*cm,Geometric Resistance Formula,rho = R * A / L
P7-SYNTH-386,P7-SYNTH-386-S02,ELECTRICAL,Electrical Conductivity,0.5213,S/cm,Reciprocal Resistivity,sigma = 1 / rho
P7-SYNTH-387,P7-SYNTH-387-S01,XRD,Crystallite Size,23.96,nm,Scherrer Equation,D = (K * lambda) / (beta * cos(theta))
P7-SYNTH-387,P7-SYNTH-387-S01,ELECTRICAL,Electrical Resistance,48811.4,Ohm,Ohm's Law Linear Regression,V = I * R
P7-SYNTH-387,P7-SYNTH-387-S01,ELECTRICAL,Electrical Resistivity,1.2345,Ohm*cm,Geometric Resistance Formula,rho = R * A / L
P7-SYNTH-387,P7-SYNTH-387-S01,ELECTRICAL,Electrical Conductivity,0.81003,S/cm,Reciprocal Resistivity,sigma = 1 / rho
P7-SYNTH-387,P7-SYNTH-387-S02,XRD,Crystallite Size,23.94,nm,Scherrer Equation,D = (K * lambda) / (beta * cos(theta))
P7-SYNTH-387,P7-SYNTH-387-S02,UV_VIS,Optical Band Gap,1.443,eV,Tauc Plot Linear Extrapolation,(alpha * h * nu)^(1/n) vs h * nu
P7-SYNTH-387,P7-SYNTH-387-S02,ELECTRICAL,Electrical Resistance,36656.96,Ohm,Ohm's Law Linear Regression,V = I * R
P7-SYNTH-387,P7-SYNTH-387-S02,ELECTRICAL,Electrical Resistivity,0.9316,Ohm*cm,Geometric Resistance Formula,rho = R * A / L
P7-SYNTH-387,P7-SYNTH-387-S02,ELECTRICAL,Electrical Conductivity,1.07345,S/cm,Reciprocal Resistivity,sigma = 1 / rho
P7-SYNTH-388,P7-SYNTH-388-S01,XRD,Crystallite Size,22.88,nm,Scherrer Equation,D = (K * lambda) / (beta * cos(theta))
P7-SYNTH-388,P7-SYNTH-388-S01,UV_VIS,Optical Band Gap,1.451,eV,Tauc Plot Linear Extrapolation,(alpha * h * nu)^(1/n) vs h * nu
P7-SYNTH-388,P7-SYNTH-388-S01,ELECTRICAL,Electrical Resistance,65453.31,Ohm,Ohm's Law Linear Regression,V = I * R
P7-SYNTH-388,P7-SYNTH-388-S01,ELECTRICAL,Electrical Resistivity,1.6636,Ohm*cm,Geometric Resistance Formula,rho = R * A / L
P7-SYNTH-388,P7-SYNTH-388-S01,ELECTRICAL,Electrical Conductivity,0.60111,S/cm,Reciprocal Resistivity,sigma = 1 / rho
P7-SYNTH-388,P7-SYNTH-388-S02,XRD,Crystallite Size,24.19,nm,Scherrer Equation,D = (K * lambda) / (beta * cos(theta))
P7-SYNTH-388,P7-SYNTH-388-S02,UV_VIS,Optical Band Gap,1.419,eV,Tauc Plot Linear Extrapolation,(alpha * h * nu)^(1/n) vs h * nu
P7-SYNTH-388,P7-SYNTH-388-S02,ELECTRICAL,Electrical Resistance,61070.77,Ohm,Ohm's Law Linear Regression,V = I * R
P7-SYNTH-388,P7-SYNTH-388-S02,ELECTRICAL,Electrical Resistivity,1.5718,Ohm*cm,Geometric Resistance Formula,rho = R * A / L
P7-SYNTH-388,P7-SYNTH-388-S02,ELECTRICAL,Electrical Conductivity,0.6362,S/cm,Reciprocal Resistivity,sigma = 1 / rho
P7-SYNTH-389,P7-SYNTH-389-S01,XRD,Crystallite Size,23.57,nm,Scherrer Equation,D = (K * lambda) / (beta * cos(theta))
P7-SYNTH-389,P7-SYNTH-389-S01,UV_VIS,Optical Band Gap,1.428,eV,Tauc Plot Linear Extrapolation,(alpha * h * nu)^(1/n) vs h * nu
P7-SYNTH-389,P7-SYNTH-389-S01,ELECTRICAL,Electrical Resistance,40203.36,Ohm,Ohm's Law Linear Regression,V = I * R
P7-SYNTH-389,P7-SYNTH-389-S01,ELECTRICAL,Electrical Resistivity,1.0685,Ohm*cm,Geometric Resistance Formula,rho = R * A / L
P7-SYNTH-389,P7-SYNTH-389-S01,ELECTRICAL,Electrical Conductivity,0.9359,S/cm,Reciprocal Resistivity,sigma = 1 / rho
P7-SYNTH-389,P7-SYNTH-389-S02,XRD,Crystallite Size,24.05,nm,Scherrer Equation,D = (K * lambda) / (beta * cos(theta))
P7-SYNTH-389,P7-SYNTH-389-S02,UV_VIS,Optical Band Gap,1.444,eV,Tauc Plot Linear Extrapolation,(alpha * h * nu)^(1/n) vs h * nu
P7-SYNTH-389,P7-SYNTH-389-S02,ELECTRICAL,Electrical Resistance,42270.37,Ohm,Ohm's Law Linear Regression,V = I * R
P7-SYNTH-389,P7-SYNTH-389-S02,ELECTRICAL,Electrical Resistivity,1.026,Ohm*cm,Geometric Resistance Formula,rho = R * A / L
P7-SYNTH-389,P7-SYNTH-389-S02,ELECTRICAL,Electrical Conductivity,0.97463,S/cm,Reciprocal Resistivity,sigma = 1 / rho
P7-SYNTH-390,P7-SYNTH-390-S01,XRD,Crystallite Size,23.57,nm,Scherrer Equation,D = (K * lambda) / (beta * cos(theta))
P7-SYNTH-390,P7-SYNTH-390-S01,UV_VIS,Optical Band Gap,1.434,eV,Tauc Plot Linear Extrapolation,(alpha * h * nu)^(1/n) vs h * nu
P7-SYNTH-390,P7-SYNTH-390-S01,ELECTRICAL,Electrical Resistance,67617.61,Ohm,Ohm's Law Linear Regression,V = I * R
P7-SYNTH-390,P7-SYNTH-390-S01,ELECTRICAL,Electrical Resistivity,1.7574,Ohm*cm,Geometric Resistance Formula,rho = R * A / L
P7-SYNTH-390,P7-SYNTH-390-S01,ELECTRICAL,Electrical Conductivity,0.56901,S/cm,Reciprocal Resistivity,sigma = 1 / rho
P7-SYNTH-390,P7-SYNTH-390-S02,XRD,Crystallite Size,23.15,nm,Scherrer Equation,D = (K * lambda) / (beta * cos(theta))
P7-SYNTH-390,P7-SYNTH-390-S02,UV_VIS,Optical Band Gap,1.443,eV,Tauc Plot Linear Extrapolation,(alpha * h * nu)^(1/n) vs h * nu
P7-SYNTH-390,P7-SYNTH-390-S02,ELECTRICAL,Electrical Resistance,69757.34,Ohm,Ohm's Law Linear Regression,V = I * R
P7-SYNTH-390,P7-SYNTH-390-S02,ELECTRICAL,Electrical Resistivity,1.7054,Ohm*cm,Geometric Resistance Formula,rho = R * A / L
P7-SYNTH-390,P7-SYNTH-390-S02,ELECTRICAL,Electrical Conductivity,0.58636,S/cm,Reciprocal Resistivity,sigma = 1 / rho
P7-SYNTH-393,P7-SYNTH-393-S01,XRD,Crystallite Size,23.76,nm,Scherrer Equation,D = (K * lambda) / (beta * cos(theta))
P7-SYNTH-393,P7-SYNTH-393-S01,UV_VIS,Optical Band Gap,1.441,eV,Tauc Plot Linear Extrapolation,(alpha * h * nu)^(1/n) vs h * nu
P7-SYNTH-393,P7-SYNTH-393-S01,ELECTRICAL,Electrical Resistance,44155.31,Ohm,Ohm's Law Linear Regression,V = I * R
P7-SYNTH-393,P7-SYNTH-393-S01,ELECTRICAL,Electrical Resistivity,1.0652,Ohm*cm,Geometric Resistance Formula,rho = R * A / L
P7-SYNTH-393,P7-SYNTH-393-S01,ELECTRICAL,Electrical Conductivity,0.93878,S/cm,Reciprocal Resistivity,sigma = 1 / rho
P7-SYNTH-393,P7-SYNTH-393-S02,XRD,Crystallite Size,23.99,nm,Scherrer Equation,D = (K * lambda) / (beta * cos(theta))
P7-SYNTH-393,P7-SYNTH-393-S02,UV_VIS,Optical Band Gap,1.431,eV,Tauc Plot Linear Extrapolation,(alpha * h * nu)^(1/n) vs h * nu
P7-SYNTH-393,P7-SYNTH-393-S02,ELECTRICAL,Electrical Resistance,48952.28,Ohm,Ohm's Law Linear Regression,V = I * R
P7-SYNTH-393,P7-SYNTH-393-S02,ELECTRICAL,Electrical Resistivity,1.2407,Ohm*cm,Geometric Resistance Formula,rho = R * A / L
P7-SYNTH-393,P7-SYNTH-393-S02,ELECTRICAL,Electrical Conductivity,0.80602,S/cm,Reciprocal Resistivity,sigma = 1 / rho
P7-SYNTH-394,P7-SYNTH-394-S01,XRD,Crystallite Size,23.65,nm,Scherrer Equation,D = (K * lambda) / (beta * cos(theta))
P7-SYNTH-394,P7-SYNTH-394-S01,ELECTRICAL,Electrical Resistance,75010.15,Ohm,Ohm's Law Linear Regression,V = I * R
P7-SYNTH-394,P7-SYNTH-394-S01,ELECTRICAL,Electrical Resistivity,1.795,Ohm*cm,Geometric Resistance Formula,rho = R * A / L
P7-SYNTH-394,P7-SYNTH-394-S01,ELECTRICAL,Electrical Conductivity,0.55709,S/cm,Reciprocal Resistivity,sigma = 1 / rho
P7-SYNTH-394,P7-SYNTH-394-S02,XRD,Crystallite Size,23.06,nm,Scherrer Equation,D = (K * lambda) / (beta * cos(theta))
P7-SYNTH-394,P7-SYNTH-394-S02,ELECTRICAL,Electrical Resistance,68183.6,Ohm,Ohm's Law Linear Regression,V = I * R
P7-SYNTH-394,P7-SYNTH-394-S02,ELECTRICAL,Electrical Resistivity,1.5775,Ohm*cm,Geometric Resistance Formula,rho = R * A / L
P7-SYNTH-394,P7-SYNTH-394-S02,ELECTRICAL,Electrical Conductivity,0.63392,S/cm,Reciprocal Resistivity,sigma = 1 / rho
P7-SYNTH-398,P7-SYNTH-398-S01,XRD,Crystallite Size,23.79,nm,Scherrer Equation,D = (K * lambda) / (beta * cos(theta))
